Month,Total,Skilled,Unskilled,Region_Auckland,Region_Wellington,Region_NorthIslandOth,Region_Canterbury,Region_SouthIslandOth,Accountin_HR_legal_admin,Construction,Education,Healthcare,Hospitality,IT,Manufacturing,Primary,Sales,Other,Occptn_Manager,Occptn_Professionals,Occptn_TechniciansTrades,Occptn_CmmmntyPrsnlSrvcs,Occptn_ClericalAdmin,Occptn_Sales,Occptn_MachineryDrivers,Occptn_Labourers,Skills_HighlySkilled,Skills_Skilled,Skills_Semi_skilled,Skills_LowSkilled,Skills_Unskilled
 May 2007,,,,,,,,,,,,,,,,,,,,,,,,,,,,,,,
 Jun 2007,,,,,,,,,,,,,,,,,,,,,,,,,,,,,,,
 Jul 2007,95.93333333333334,95.83333333333333,95.76666666666667,96.2,95.89999999999999,96.16666666666667,97.89999999999999,86.06666666666666,94.96666666666665,96.46666666666665,91.0,97.86666666666667,97.03333333333335,96.36666666666667,95.86666666666667,79.89999999999999,98.43333333333334,93.26666666666667,95.89999999999999,95.46666666666665,95.89999999999999,99.66666666666667,95.96666666666665,96.83333333333333,90.93333333333334,93.60000000000001,95.73333333333333,94.43333333333334,98.13333333333333,95.43333333333334,97.03333333333335
 Aug 2007,96.66666666666667,96.03333333333335,96.89999999999999,96.7,95.36666666666667,98.36666666666667,100.66666666666667,87.66666666666667,93.7,99.06666666666666,89.5,101.56666666666666,106.93333333333332,94.60000000000001,99.3,76.39999999999999,100.60000000000001,94.26666666666667,95.93333333333332,94.06666666666666,100.60000000000001,110.16666666666667,96.23333333333333,97.06666666666666,93.3,97.43333333333334,94.83333333333333,96.06666666666666,101.93333333333334,96.13333333333333,99.76666666666667
 Sep 2007,97.7,96.83333333333333,97.3,97.06666666666666,95.63333333333333,100.7,102.90000000000002,96.53333333333335,91.36666666666667,102.53333333333335,96.96666666666665,104.16666666666667,119.23333333333333,94.13333333333333,104.60000000000001,78.93333333333334,102.5,92.16666666666667,96.66666666666667,94.23333333333335,105.2,119.33333333333333,93.86666666666667,96.3,102.33333333333333,104.03333333333335,94.53333333333335,101.5,102.36666666666667,95.83333333333333,102.40000000000002
 Oct 2007,98.96666666666665,98.60000000000001,97.63333333333334,96.53333333333335,96.96666666666668,106.3,105.63333333333334,106.33333333333333,88.73333333333333,105.3,129.36666666666667,108.46666666666665,127.3,93.46666666666665,110.0,84.10000000000001,101.83333333333333,93.60000000000001,97.93333333333334,97.33333333333333,107.53333333333335,121.56666666666666,91.53333333333335,96.2,107.0,108.8,95.06666666666666,110.96666666666665,100.23333333333333,95.36666666666667,105.53333333333332
 Nov 2007,98.06666666666666,100.06666666666666,92.53333333333332,94.5,96.96666666666665,108.93333333333334,103.13333333333333,110.03333333333335,85.83333333333333,108.26666666666665,155.79999999999998,106.96666666666665,120.66666666666667,94.5,110.46666666666665,79.3,96.36666666666667,90.83333333333333,101.10000000000001,101.73333333333333,102.86666666666666,113.36666666666667,85.23333333333333,90.5,108.3,106.0,97.33333333333333,117.46666666666668,91.36666666666667,90.46666666666665,99.76666666666667
 Dec 2007,89.43333333333334,93.83333333333333,79.56666666666666,85.10000000000001,88.23333333333333,102.2,93.0,110.06666666666666,77.33333333333333,105.0,154.0,97.33333333333333,102.5,86.8,97.80000000000001,70.39999999999999,83.63333333333334,89.33333333333333,94.96666666666665,97.56666666666666,92.26666666666665,95.33333333333333,74.46666666666668,76.73333333333333,95.13333333333333,91.43333333333332,92.33333333333333,110.33333333333333,80.06666666666666,78.33333333333333,83.96666666666667
 Jan 2008,90.13333333333333,94.33333333333333,80.96666666666667,85.89999999999999,87.56666666666668,102.36666666666666,96.93333333333334,110.66666666666667,79.66666666666667,112.46666666666668,115.86666666666666,97.73333333333333,104.36666666666667,85.33333333333333,99.03333333333335,67.63333333333334,84.33333333333333,94.10000000000001,98.30000000000001,96.86666666666667,92.96666666666665,100.30000000000001,74.89999999999999,77.5,97.23333333333333,97.66666666666667,95.56666666666666,99.56666666666668,81.6,79.89999999999999,84.76666666666667
 Feb 2008,92.46666666666665,95.10000000000001,87.0,88.26666666666667,88.46666666666665,103.59999999999998,103.76666666666667,111.96666666666665,82.63333333333334,118.59999999999998,94.63333333333333,101.53333333333335,110.7,83.2,103.03333333333335,75.10000000000001,89.13333333333333,95.5,97.7,96.46666666666665,97.40000000000002,107.7,79.60000000000001,83.49999999999999,102.33333333333333,109.06666666666668,96.86666666666666,92.13333333333333,90.0,85.3,92.89999999999999
 Mar 2008,103.10000000000001,103.8,102.06666666666666,99.26666666666667,98.03333333333335,115.2,117.2,113.56666666666666,93.90000000000002,130.1,93.76666666666667,115.86666666666667,125.23333333333335,89.0,119.36666666666667,91.46666666666668,101.46666666666665,101.13333333333333,106.76666666666667,103.73333333333335,109.46666666666665,124.83333333333333,92.36666666666667,97.23333333333333,121.0,129.06666666666666,105.60000000000001,97.03333333333335,103.39999999999999,99.83333333333333,109.76666666666667
 Apr 2008,104.5,106.36666666666667,102.16666666666667,101.06666666666666,99.89999999999999,116.43333333333332,116.13333333333333,113.2,94.96666666666668,131.66666666666666,112.43333333333332,119.83333333333333,117.7,91.43333333333334,118.33333333333333,100.36666666666667,101.10000000000001,102.33333333333333,107.63333333333333,107.59999999999998,110.10000000000001,120.5,94.43333333333334,96.39999999999999,119.73333333333335,128.3,107.63333333333333,102.59999999999998,104.7,100.10000000000001,109.23333333333333
 May 2008,105.8,108.56666666666666,101.2,102.76666666666667,102.83333333333333,116.43333333333334,114.53333333333332,111.09999999999998,95.73333333333333,132.03333333333333,109.10000000000001,127.23333333333333,111.46666666666668,96.53333333333335,114.46666666666665,104.7,102.06666666666666,108.76666666666665,108.46666666666665,111.10000000000001,109.8,119.13333333333333,94.7,97.03333333333335,115.56666666666666,122.5,110.60000000000001,104.56666666666666,103.53333333333335,99.23333333333333,107.89999999999999
 Jun 2008,106.10000000000001,111.06666666666668,97.56666666666666,102.96666666666665,105.09999999999998,114.56666666666666,113.8,111.83333333333333,93.86666666666667,134.4333333333333,115.5,132.5,104.53333333333335,101.36666666666667,107.46666666666665,99.5,101.60000000000001,114.0,108.86666666666667,115.63333333333333,109.39999999999999,117.86666666666667,93.10000000000001,93.83333333333333,105.63333333333333,116.7666666666667,113.73333333333333,107.5,102.33333333333333,95.83333333333333,103.46666666666665
 Jul 2008,106.76666666666667,112.76666666666667,96.2,102.96666666666668,107.83333333333333,113.8,115.23333333333333,113.63333333333333,93.66666666666667,136.96666666666667,110.8,136.79999999999998,102.26666666666667,104.66666666666667,104.10000000000001,103.36666666666666,100.53333333333335,120.93333333333332,108.3,118.56666666666666,110.03333333333335,123.43333333333332,91.86666666666667,92.86666666666667,102.13333333333333,116.23333333333335,116.5,105.0,103.96666666666665,94.3,102.66666666666667
 Aug 2008,102.39999999999999,109.56666666666668,90.56666666666666,97.73333333333333,102.7,111.93333333333334,112.09999999999998,115.66666666666667,87.53333333333335,135.79999999999998,113.73333333333333,134.33333333333334,100.7,99.46666666666665,98.06666666666666,105.16666666666667,94.16666666666667,123.8,104.83333333333333,115.46666666666665,108.5,127.16666666666667,85.39999999999999,86.16666666666667,97.0,111.10000000000002,113.26666666666667,101.13333333333334,101.83333333333333,88.66666666666667,97.0
 Sep 2008,101.39999999999999,109.10000000000001,88.86666666666667,94.40000000000002,101.7,117.03333333333335,113.60000000000001,122.83333333333333,84.43333333333334,136.96666666666667,119.59999999999998,135.16666666666666,111.90000000000002,95.63333333333333,97.23333333333333,120.93333333333334,91.63333333333333,127.10000000000001,104.03333333333335,114.66666666666667,111.23333333333335,133.63333333333333,80.9,85.0,101.2,113.46666666666668,111.86666666666667,102.66666666666667,103.40000000000002,85.96666666666665,98.86666666666667
 Oct 2008,95.56666666666666,104.10000000000001,81.86666666666666,86.23333333333333,95.13333333333333,118.96666666666665,109.53333333333332,125.83333333333333,75.13333333333333,131.53333333333333,151.33333333333334,132.26666666666668,112.30000000000001,87.16666666666667,93.93333333333334,113.23333333333335,84.60000000000001,120.66666666666667,97.8,110.89999999999999,106.8,129.73333333333332,71.46666666666667,78.39999999999999,100.73333333333333,107.83333333333333,104.60000000000001,108.10000000000001,96.53333333333335,78.46666666666667,93.60000000000001
 Nov 2008,88.06666666666666,97.89999999999999,71.76666666666667,76.73333333333333,89.06666666666666,116.0,102.83333333333333,123.33333333333333,66.60000000000001,121.60000000000001,172.56666666666663,129.56666666666666,101.53333333333335,79.7,85.83333333333333,105.39999999999999,75.26666666666667,112.23333333333333,90.80000000000001,106.53333333333335,97.30000000000001,114.36666666666666,62.666666666666664,67.83333333333333,91.43333333333334,97.40000000000002,97.63333333333334,108.5,85.56666666666666,68.56666666666668,82.86666666666666
 Dec 2008,72.86666666666666,82.26666666666667,56.833333333333336,62.400000000000006,73.8,98.53333333333335,86.56666666666666,105.06666666666666,53.96666666666667,102.63333333333333,154.0,118.13333333333333,79.30000000000001,65.10000000000001,70.76666666666667,85.30000000000001,60.099999999999994,90.86666666666667,76.03333333333333,91.26666666666667,77.8,94.03333333333335,49.93333333333334,52.1,74.83333333333333,77.60000000000001,82.93333333333334,91.33333333333333,67.23333333333333,54.800000000000004,63.866666666666674
 Jan 2009,64.76666666666667,72.56666666666666,51.300000000000004,54.13333333333333,66.83333333333333,89.96666666666665,77.56666666666668,97.13333333333333,47.76666666666667,90.39999999999999,126.26666666666667,117.2,72.16666666666667,55.699999999999996,62.06666666666666,78.8,54.4,82.7,67.39999999999999,80.50000000000001,68.36666666666667,86.39999999999999,44.666666666666664,46.76666666666667,65.13333333333334,72.03333333333335,74.3,76.96666666666667,58.199999999999996,49.4,57.93333333333334
 Feb 2009,59.13333333333333,64.66666666666667,49.9,48.79999999999999,62.0,81.93333333333334,72.39999999999999,88.73333333333333,43.53333333333333,80.2,102.76666666666665,115.8,74.03333333333335,48.333333333333336,57.63333333333333,69.66666666666667,52.6,71.63333333333333,60.666666666666664,70.80000000000001,62.06666666666666,89.10000000000001,40.833333333333336,46.666666666666664,61.63333333333333,76.90000000000002,66.53333333333335,65.46666666666667,54.36666666666667,47.23333333333333,59.26666666666667
 Mar 2009,60.599999999999994,65.53333333333333,53.56666666666666,49.46666666666667,63.133333333333326,85.36666666666667,75.33333333333333,94.13333333333333,43.63333333333333,77.03333333333333,116.09999999999998,125.06666666666666,78.7,48.26666666666667,58.699999999999996,69.2,56.166666666666664,76.03333333333332,62.4,71.0,63.6,97.66666666666667,41.96666666666667,52.699999999999996,62.70000000000001,82.39999999999999,66.56666666666666,68.03333333333333,57.4,50.26666666666667,65.16666666666666
 Apr 2009,55.63333333333333,60.4,48.86666666666667,45.9,56.0,79.16666666666667,69.2,87.0,39.46666666666667,68.89999999999999,115.63333333333333,119.13333333333333,69.36666666666667,43.53333333333333,52.800000000000004,62.23333333333333,53.46666666666666,67.7,58.666666666666664,64.89999999999999,58.333333333333336,91.26666666666667,37.199999999999996,50.53333333333333,56.76666666666667,74.63333333333334,61.03333333333333,62.56666666666667,54.63333333333333,45.53333333333333,60.56666666666666
 May 2009,54.76666666666666,60.0,47.23333333333333,45.13333333333333,53.699999999999996,79.9,69.16666666666667,85.16666666666667,38.76666666666667,66.5,123.5333333333333,119.56666666666665,62.53333333333335,41.93333333333333,50.56666666666666,63.20000000000001,53.666666666666664,68.2,57.73333333333333,64.86666666666667,57.20000000000001,87.46666666666668,35.96666666666667,50.56666666666666,53.73333333333333,70.56666666666666,60.46666666666667,62.46666666666667,54.63333333333333,43.63333333333333,59.73333333333333
 Jun 2009,52.800000000000004,57.73333333333333,45.0,43.699999999999996,51.5,76.66666666666667,67.0,80.96666666666667,37.099999999999994,62.06666666666666,120.63333333333331,118.16666666666664,56.80000000000001,40.26666666666667,47.26666666666667,61.166666666666664,53.9,68.03333333333335,54.5,62.400000000000006,54.96666666666667,84.26666666666667,34.099999999999994,50.26666666666667,48.53333333333333,69.06666666666668,58.36666666666667,58.333333333333336,53.900000000000006,40.8,59.56666666666666
 Jul 2009,53.666666666666664,58.5,45.96666666666666,44.53333333333333,52.333333333333336,76.83333333333333,69.43333333333334,80.56666666666666,36.86666666666667,61.53333333333333,116.16666666666664,121.39999999999999,60.80000000000001,41.4,46.96666666666667,65.23333333333333,56.833333333333336,72.36666666666666,56.43333333333333,62.5,56.70000000000001,87.89999999999999,34.333333333333336,51.96666666666667,46.866666666666674,72.26666666666667,59.23333333333333,58.199999999999996,55.23333333333333,41.5,61.53333333333333
 Aug 2009,53.03333333333333,57.03333333333333,46.699999999999996,44.03333333333334,50.333333333333336,76.06666666666666,69.8,83.63333333333333,34.76666666666666,60.1,112.46666666666665,117.36666666666666,67.43333333333334,41.300000000000004,48.26666666666667,61.73333333333334,58.6,70.83333333333333,57.599999999999994,59.466666666666676,57.43333333333334,91.59999999999998,33.46666666666667,53.36666666666667,46.93333333333334,73.10000000000001,57.333333333333336,57.56666666666666,54.833333333333336,42.300000000000004,62.0
 Sep 2009,55.36666666666667,59.23333333333333,50.166666666666664,46.03333333333333,50.166666666666664,81.23333333333333,73.83333333333333,92.10000000000001,35.06666666666667,63.93333333333334,123.36666666666663,117.73333333333333,80.53333333333335,40.8,53.6,60.166666666666664,62.199999999999996,72.36666666666667,62.46666666666666,60.30000000000001,61.833333333333336,97.76666666666667,34.13333333333333,57.5,56.900000000000006,79.56666666666668,57.9,66.03333333333333,56.96666666666667,45.03333333333333,68.06666666666666
 Oct 2009,57.76666666666667,62.26666666666666,52.0,47.300000000000004,50.833333333333336,87.40000000000002,78.53333333333333,104.0,35.4,66.0,161.29999999999998,116.69999999999999,89.53333333333335,40.63333333333333,56.93333333333334,60.53333333333333,64.63333333333333,71.7,64.69999999999999,63.96666666666667,64.86666666666667,102.10000000000001,34.20000000000001,60.166666666666664,64.0,82.7,58.26666666666667,80.56666666666666,58.53333333333334,46.03333333333333,72.7
 Nov 2009,58.4,63.533333333333324,52.1,47.46666666666667,51.199999999999996,91.2,77.7,107.06666666666666,35.333333333333336,65.16666666666667,181.79999999999995,115.53333333333332,89.0,40.46666666666667,59.06666666666666,62.099999999999994,64.96666666666665,73.13333333333333,65.06666666666666,65.96666666666667,65.06666666666666,98.53333333333335,34.53333333333333,59.800000000000004,69.56666666666668,84.50000000000001,58.23333333333334,88.16666666666667,58.26666666666667,46.23333333333333,72.46666666666665
 Dec 2009,52.4,57.5,45.73333333333333,42.03333333333334,46.63333333333333,82.66666666666667,69.73333333333333,97.0,32.26666666666667,56.56666666666666,159.89999999999995,105.06666666666666,77.10000000000001,37.766666666666666,52.73333333333333,57.86666666666667,57.76666666666667,66.56666666666668,58.43333333333333,60.30000000000001,57.699999999999996,86.59999999999998,31.96666666666667,50.800000000000004,61.06666666666667,70.33333333333336,53.46666666666667,77.53333333333333,51.833333333333336,41.43333333333334,60.56666666666666
 Jan 2010,51.93333333333334,55.43333333333334,48.699999999999996,42.2,45.833333333333336,81.96666666666667,67.8,93.13333333333333,32.800000000000004,56.96666666666666,122.96666666666664,104.8,77.56666666666668,36.46666666666667,55.699999999999996,60.86666666666667,60.5,66.63333333333334,57.96666666666666,56.400000000000006,57.79999999999999,90.30000000000001,34.63333333333333,52.9,64.53333333333335,71.60000000000001,52.86666666666667,67.39999999999999,52.9,44.73333333333333,62.333333333333336
 Feb 2010,53.86666666666667,55.93333333333334,53.56666666666666,44.43333333333334,48.06666666666666,82.36666666666666,70.5,91.96666666666665,35.3,60.633333333333326,99.59999999999998,107.66666666666667,84.66666666666669,36.7,59.6,66.16666666666667,64.23333333333333,67.8,59.06666666666666,55.16666666666668,61.86666666666665,98.2,38.36666666666667,57.23333333333333,69.60000000000001,78.76666666666667,54.06666666666666,62.03333333333333,57.36666666666667,49.0,69.39999999999999
 Mar 2010,64.2,65.63333333333333,65.93333333333332,53.6,58.0,96.86666666666667,81.99999999999999,106.13333333333333,42.300000000000004,72.43333333333334,113.36666666666663,121.86666666666666,97.83333333333333,44.93333333333334,74.33333333333333,80.5,78.5,75.0,68.76666666666665,63.833333333333336,74.43333333333334,117.03333333333335,46.96666666666667,70.96666666666665,86.60000000000001,100.83333333333333,62.96666666666666,72.60000000000001,69.89999999999999,59.86666666666667,87.03333333333335
 Apr 2010,65.63333333333334,67.53333333333332,66.53333333333333,55.23333333333333,61.6,96.8,81.49999999999999,102.16666666666667,44.1,73.66666666666667,110.93333333333332,121.8,93.0,49.6,77.26666666666667,82.33333333333333,78.66666666666667,74.66666666666667,70.26666666666667,66.16666666666667,75.39999999999999,113.56666666666668,48.0,71.66666666666667,89.33333333333333,103.46666666666668,65.73333333333333,71.83333333333333,70.86666666666666,61.0,85.96666666666668
 May 2010,68.26666666666667,71.5,67.0,57.73333333333333,65.2,100.5,81.63333333333333,104.39999999999999,46.06666666666666,76.8,120.46666666666663,125.99999999999999,88.73333333333335,55.03333333333333,78.16666666666667,83.53333333333333,80.43333333333334,75.23333333333333,73.53333333333332,71.53333333333335,77.33333333333333,113.19999999999999,49.03333333333333,72.8,89.76666666666667,98.86666666666667,70.06666666666666,76.10000000000001,72.63333333333334,61.93333333333334,84.63333333333334
 Jun 2010,67.0,71.19999999999999,64.46666666666667,57.333333333333336,64.7,96.56666666666666,80.43333333333334,94.46666666666665,45.73333333333333,75.86666666666667,118.66666666666663,121.06666666666666,81.83333333333334,56.53333333333333,74.46666666666667,82.56666666666666,78.0,73.36666666666667,72.83333333333333,72.03333333333335,76.23333333333333,106.56666666666666,47.73333333333333,70.93333333333334,84.26666666666667,90.80000000000001,70.43333333333332,73.63333333333334,71.83333333333333,59.666666666666664,81.10000000000001
 Jul 2010,69.8,74.46666666666665,66.36666666666667,59.93333333333334,66.53333333333335,101.7,83.5,98.0,47.333333333333336,79.83333333333333,117.59999999999997,122.0,85.03333333333335,62.1,77.36666666666666,88.56666666666666,79.9,78.89999999999999,75.56666666666666,75.56666666666666,80.26666666666667,111.26666666666667,49.5,72.63333333333333,87.56666666666666,89.63333333333334,73.89999999999999,75.2,76.23333333333333,61.166666666666664,84.36666666666667
 Aug 2010,71.2,75.53333333333333,68.63333333333334,60.9,66.13333333333334,104.83333333333333,87.13333333333333,104.0,47.26666666666667,81.86666666666667,105.86666666666663,121.16666666666664,91.2,65.46666666666667,79.13333333333333,101.06666666666666,81.10000000000001,88.7,76.69999999999999,75.56666666666666,83.23333333333333,119.66666666666667,50.46666666666666,73.93333333333334,97.2,95.26666666666667,74.93333333333332,74.76666666666667,79.3,63.23333333333333,87.33333333333333
 Sep 2010,72.63333333333334,76.83333333333333,70.36666666666666,61.26666666666667,66.73333333333333,112.23333333333333,86.73333333333335,111.63333333333333,46.800000000000004,85.13333333333333,104.3,121.63333333333333,100.33333333333333,67.89999999999999,80.66666666666667,110.19999999999999,81.13333333333334,95.13333333333333,78.39999999999999,76.56666666666666,86.56666666666666,126.7,50.03333333333333,74.3,104.46666666666668,103.03333333333335,75.53333333333333,78.86666666666666,80.7,64.8,89.60000000000001
 Oct 2010,73.03333333333335,77.36666666666666,70.76666666666667,60.5,66.10000000000001,116.06666666666666,89.5,117.16666666666667,45.4,86.26666666666667,131.79999999999998,118.96666666666665,108.7,66.86666666666666,81.66666666666667,118.39999999999999,79.26666666666667,93.8,77.3,77.8,87.56666666666666,127.56666666666666,49.23333333333334,72.76666666666667,112.5,113.2666666666667,73.86666666666667,89.33333333333333,79.56666666666666,64.6,92.06666666666666
 Nov 2010,72.60000000000001,77.8,68.93333333333334,60.166666666666664,64.86666666666666,116.66666666666667,88.86666666666667,117.03333333333335,44.56666666666666,86.5,154.0333333333333,113.56666666666665,108.23333333333335,66.10000000000001,83.93333333333334,116.23333333333333,76.53333333333333,89.23333333333333,79.3,78.23333333333333,88.69999999999999,117.86666666666667,48.13333333333333,69.76666666666667,114.33333333333333,112.60000000000001,73.10000000000001,95.63333333333333,78.36666666666667,63.1,89.16666666666667
 Dec 2010,66.10000000000001,71.43333333333332,61.5,54.76666666666667,58.06666666666666,104.96666666666665,82.66666666666667,111.26666666666665,40.26666666666667,80.0,143.0333333333333,103.2333333333333,95.7,61.199999999999996,77.60000000000001,113.0,68.3,78.43333333333334,73.7,71.76666666666667,80.86666666666666,101.60000000000001,43.900000000000006,60.699999999999996,108.06666666666668,100.46666666666668,67.56666666666666,87.60000000000001,69.86666666666666,56.63333333333333,78.43333333333334
 Jan 2011,65.86666666666666,70.5,63.26666666666667,54.699999999999996,58.26666666666667,103.66666666666667,81.89999999999999,111.2,41.16666666666667,80.36666666666666,117.16666666666664,101.86666666666666,96.76666666666667,59.4,78.06666666666666,112.13333333333333,71.33333333333333,79.86666666666667,76.56666666666666,68.16666666666667,83.2,103.7,45.26666666666666,63.46666666666667,105.43333333333334,101.86666666666667,67.53333333333335,80.2,72.7,58.199999999999996,80.76666666666667
 Feb 2011,66.86666666666666,70.63333333333333,66.53333333333333,55.9,60.9,104.66666666666667,79.10000000000001,110.0,42.63333333333333,81.73333333333333,91.89999999999998,104.53333333333332,101.06666666666668,61.4,76.89999999999999,124.90000000000002,74.10000000000001,80.43333333333334,75.89999999999999,67.4,84.86666666666666,114.16666666666667,46.96666666666667,67.83333333333333,105.5,111.63333333333334,68.36666666666667,75.56666666666666,75.66666666666667,60.333333333333336,88.03333333333335
 Mar 2011,77.83333333333333,81.76666666666667,79.53333333333335,65.0,72.0,121.83333333333333,91.60000000000001,124.66666666666667,50.1,97.5,99.53333333333332,117.89999999999999,118.36666666666667,70.03333333333335,93.56666666666668,147.53333333333333,85.33333333333333,95.16666666666667,86.73333333333333,76.66666666666667,102.33333333333333,139.53333333333333,55.23333333333333,80.86666666666666,125.7,142.79999999999998,78.16666666666667,85.96666666666665,94.3,71.76666666666667,106.5
 Apr 2011,79.26666666666667,85.0,80.63333333333333,66.36666666666666,72.80000000000001,122.69999999999999,96.46666666666665,124.06666666666666,51.9,100.26666666666667,99.13333333333331,122.39999999999999,109.33333333333333,74.86666666666666,94.23333333333335,152.46666666666667,84.33333333333333,94.39999999999999,87.83333333333333,80.86666666666666,105.2,137.29999999999998,57.333333333333336,82.03333333333333,127.89999999999999,143.70000000000002,81.9,86.46666666666665,98.56666666666666,73.7,104.69999999999999
 May 2011,83.13333333333333,89.76666666666665,83.43333333333334,69.4,74.33333333333333,126.66666666666667,110.73333333333335,126.66666666666667,55.300000000000004,107.66666666666667,104.03333333333332,129.13333333333333,108.16666666666667,77.93333333333334,100.56666666666668,152.10000000000002,87.73333333333335,95.86666666666666,90.36666666666667,86.0,112.2,139.56666666666666,60.73333333333333,85.56666666666666,128.8,149.73333333333335,86.5,88.63333333333333,107.46666666666665,77.3,105.76666666666665
 Jun 2011,81.96666666666665,88.5,82.06666666666666,68.56666666666666,71.6,122.16666666666667,116.76666666666667,121.2,55.366666666666674,106.3,96.96666666666664,127.89999999999999,103.83333333333333,77.10000000000001,95.0,146.79999999999998,87.93333333333334,96.03333333333332,88.83333333333333,84.46666666666668,111.56666666666666,136.96666666666667,60.96666666666667,86.03333333333335,122.89999999999999,139.53333333333333,85.23333333333333,86.10000000000001,107.96666666666665,76.76666666666667,102.56666666666668
 Jul 2011,84.5,91.0,82.93333333333332,71.03333333333335,73.43333333333334,124.43333333333334,122.10000000000001,122.73333333333333,57.03333333333333,111.39999999999999,95.06666666666665,132.2,112.96666666666668,78.5,98.2,159.20000000000002,88.83333333333333,102.33333333333333,90.13333333333333,86.60000000000001,117.60000000000001,148.4333333333333,62.63333333333333,84.2,125.7,138.0666666666667,87.33333333333333,87.59999999999998,113.60000000000001,78.33333333333333,102.40000000000002
 Aug 2011,85.13333333333334,91.53333333333332,85.26666666666667,71.10000000000001,72.73333333333333,124.96666666666665,126.96666666666665,128.56666666666666,56.73333333333333,113.63333333333333,93.93333333333332,130.76666666666665,121.36666666666667,76.23333333333333,102.10000000000001,166.8,90.33333333333336,104.43333333333334,93.0,85.80000000000001,120.33333333333333,156.46666666666667,63.4,84.53333333333333,138.13333333333333,136.4,87.46666666666668,88.53333333333335,115.76666666666667,80.7,104.73333333333333
 Sep 2011,86.39999999999999,92.8,87.16666666666667,70.83333333333333,72.76666666666667,129.5,132.63333333333333,137.23333333333332,55.93333333333334,115.2,102.8,132.23333333333335,125.8,76.26666666666667,108.7,176.0666666666667,91.86666666666667,106.5,93.39999999999999,87.33333333333333,122.86666666666667,159.26666666666665,63.366666666666674,84.96666666666665,150.16666666666666,143.13333333333335,87.89999999999999,92.73333333333333,117.53333333333335,82.33333333333333,107.46666666666665
 Oct 2011,84.60000000000001,90.5,86.60000000000001,67.96666666666667,69.53333333333333,129.0666666666667,134.4,144.63333333333333,52.63333333333333,113.96666666666665,122.36666666666663,127.13333333333333,124.36666666666666,72.03333333333333,110.96666666666665,176.66666666666666,90.63333333333334,103.23333333333335,91.63333333333333,85.03333333333333,121.5,153.9,59.666666666666664,84.53333333333333,157.83333333333334,154.93333333333334,83.56666666666668,99.16666666666667,114.5,80.5,110.86666666666667
 Nov 2011,81.46666666666665,88.16666666666667,80.7,63.800000000000004,67.83333333333333,126.13333333333334,131.29999999999998,147.0,49.199999999999996,109.83333333333333,138.39999999999998,123.39999999999999,112.66666666666667,70.93333333333334,106.96666666666668,176.16666666666666,84.10000000000001,105.39999999999999,88.36666666666667,83.93333333333334,117.53333333333335,142.5,55.166666666666664,77.13333333333334,154.43333333333334,152.80000000000004,80.43333333333334,103.0,108.33333333333333,74.7,104.36666666666667
 Dec 2011,71.56666666666668,78.7,67.96666666666667,55.333333333333336,59.79999999999999,110.7,116.63333333333333,134.96666666666667,43.199999999999996,96.93333333333332,124.13333333333333,109.53333333333332,98.03333333333335,64.13333333333334,90.06666666666666,163.29999999999998,71.76666666666667,93.53333333333335,79.43333333333334,75.93333333333334,103.33333333333333,120.76666666666665,46.699999999999996,63.43333333333333,131.66666666666666,132.10000000000002,72.60000000000001,91.23333333333333,93.39999999999999,63.133333333333326,87.13333333333333
 Jan 2012,71.56666666666666,77.60000000000001,69.2,54.46666666666667,60.366666666666674,110.66666666666667,119.5,137.33333333333334,44.666666666666664,97.0,103.69999999999999,109.73333333333333,101.63333333333333,62.80000000000001,87.40000000000002,164.73333333333332,73.13333333333334,97.63333333333333,78.10000000000001,74.03333333333335,102.90000000000002,128.26666666666668,48.4,63.6,130.36666666666665,131.66666666666666,72.53333333333335,84.86666666666667,94.0,64.56666666666666,87.46666666666668
 Feb 2012,73.36666666666666,77.36666666666666,74.56666666666668,56.166666666666664,61.06666666666666,114.13333333333333,124.60000000000001,134.1,46.5,101.03333333333335,85.89999999999998,112.7333333333333,108.30000000000001,63.23333333333334,92.06666666666668,173.03333333333333,76.89999999999999,93.19999999999999,77.36666666666666,72.66666666666667,106.33333333333333,137.66666666666666,51.53333333333333,67.93333333333334,136.23333333333332,144.4,72.46666666666668,80.63333333333334,97.93333333333334,68.96666666666665,96.2
 Mar 2012,84.73333333333333,88.03333333333332,89.13333333333333,65.06666666666666,69.26666666666667,132.16666666666666,146.29999999999998,152.23333333333332,54.79999999999999,119.46666666666665,92.8,131.23333333333332,122.93333333333334,70.2,108.96666666666665,185.16666666666666,89.5,103.90000000000002,87.06666666666666,81.2,122.93333333333334,166.5,63.06666666666666,81.03333333333335,158.9,170.0666666666667,81.33333333333333,92.03333333333335,117.10000000000001,82.3,115.5
 Apr 2012,84.53333333333335,88.46666666666665,87.83333333333333,65.4,69.16666666666667,130.63333333333335,146.83333333333334,146.5,54.73333333333333,124.5,91.49999999999999,129.33333333333331,113.16666666666667,72.10000000000001,108.83333333333333,183.03333333333333,87.03333333333335,99.30000000000001,86.0,82.10000000000001,123.7,158.86666666666667,63.133333333333326,80.26666666666667,158.16666666666666,167.4666666666667,81.63333333333334,91.46666666666665,119.40000000000002,81.0,114.03333333333335
 May 2012,88.63333333333333,93.43333333333334,90.8,68.93333333333334,72.83333333333333,133.76666666666665,154.4,155.36666666666667,58.96666666666667,133.20000000000002,89.39999999999998,136.03333333333333,111.43333333333334,74.66666666666667,110.83333333333333,192.0666666666667,90.83333333333333,103.83333333333333,92.0,86.10000000000001,130.83333333333334,159.76666666666668,67.39999999999999,83.7,159.06666666666666,167.29999999999998,86.46666666666665,93.56666666666666,128.9333333333333,84.39999999999999,115.3
 Jun 2012,87.76666666666667,92.76666666666665,89.23333333333333,69.5,72.43333333333334,129.56666666666666,150.5,149.9666666666667,58.13333333333333,133.70000000000002,85.86666666666663,139.4333333333333,105.5,73.23333333333335,107.83333333333333,203.03333333333333,89.56666666666666,103.66666666666667,92.5,85.73333333333333,129.13333333333335,152.46666666666667,65.66666666666667,83.63333333333334,155.03333333333333,165.8,86.43333333333334,92.23333333333333,125.76666666666667,82.86666666666666,113.7
 Jul 2012,92.13333333333334,96.8,94.73333333333335,73.36666666666666,75.2,135.06666666666666,158.4333333333333,157.76666666666665,60.4,138.16666666666666,89.43333333333332,152.93333333333334,112.5,75.76666666666667,113.73333333333333,213.13333333333333,95.73333333333335,106.3,97.73333333333333,89.06666666666666,134.8,165.46666666666667,68.43333333333332,89.16666666666667,161.53333333333333,178.36666666666667,90.5,96.63333333333333,129.0666666666667,87.96666666666665,121.10000000000001
 Aug 2012,91.76666666666667,96.26666666666665,94.33333333333333,72.4,74.10000000000001,135.93333333333334,160.6,159.23333333333335,58.43333333333334,141.20000000000002,87.7333333333333,155.26666666666665,116.66666666666669,75.3,111.56666666666668,218.0666666666667,94.93333333333334,104.5,96.26666666666667,88.39999999999999,136.4,172.20000000000002,65.99999999999999,88.66666666666667,163.79999999999998,185.4666666666667,89.83333333333333,96.73333333333333,128.4333333333333,86.93333333333334,123.30000000000001
 Sep 2012,92.26666666666667,96.53333333333335,95.43333333333334,71.39999999999999,74.56666666666666,137.79999999999998,166.1,164.46666666666667,56.800000000000004,144.83333333333334,96.39999999999998,152.26666666666665,127.03333333333335,74.36666666666667,113.8,213.5,95.2,106.10000000000001,95.10000000000001,87.66666666666667,142.20000000000002,186.53333333333333,64.5,88.06666666666666,171.29999999999998,192.43333333333337,88.2,100.60000000000001,133.86666666666667,87.3,126.83333333333333
 Oct 2012,91.8,96.5,94.06666666666666,69.96666666666667,74.53333333333333,138.9,167.1,166.96666666666667,54.166666666666664,149.53333333333333,116.99999999999999,146.23333333333335,136.23333333333335,71.93333333333334,115.46666666666668,207.23333333333335,91.96666666666668,105.56666666666666,93.86666666666667,87.33333333333333,147.00000000000003,186.29999999999998,61.599999999999994,85.43333333333334,178.23333333333335,198.93333333333337,85.66666666666667,108.06666666666668,137.06666666666666,85.63333333333333,126.56666666666668
 Nov 2012,87.56666666666668,92.36666666666666,89.03333333333335,66.56666666666666,71.03333333333335,134.5,158.43333333333334,158.63333333333333,50.1,145.73333333333335,123.16666666666664,137.20000000000002,132.13333333333335,66.63333333333334,115.63333333333333,192.79999999999998,85.63333333333334,105.86666666666667,89.56666666666666,83.43333333333334,142.36666666666667,172.33333333333334,57.96666666666667,79.63333333333334,179.10000000000002,190.83333333333334,81.13333333333334,106.0,132.16666666666666,81.53333333333335,117.89999999999999
 Dec 2012,76.60000000000001,81.66666666666666,75.89999999999999,58.03333333333333,61.20000000000001,120.86666666666666,136.63333333333333,140.89999999999998,43.6,130.73333333333332,110.36666666666666,119.73333333333333,116.86666666666669,57.06666666666667,103.2,168.70000000000002,72.43333333333334,93.10000000000001,80.76666666666667,73.7,126.03333333333336,144.26666666666665,49.6,67.26666666666667,157.23333333333335,162.63333333333335,72.16666666666667,92.46666666666665,116.26666666666665,70.23333333333333,97.93333333333334
 Jan 2013,76.2,79.83333333333333,77.63333333333334,57.699999999999996,58.76666666666667,123.13333333333334,136.13333333333333,142.23333333333332,43.83333333333334,131.63333333333333,88.69999999999999,119.96666666666665,115.93333333333335,54.20000000000001,105.40000000000002,175.66666666666666,74.16666666666667,95.66666666666667,80.7,70.36666666666666,125.36666666666667,149.53333333333333,50.699999999999996,68.96666666666665,159.1,161.33333333333334,71.46666666666667,83.0,118.46666666666665,71.8,100.0
 Feb 2013,77.5,79.76666666666667,82.3,58.76666666666667,58.36666666666667,125.53333333333335,140.70000000000002,144.36666666666667,45.23333333333334,134.86666666666667,83.29999999999998,120.13333333333333,118.36666666666667,52.63333333333335,108.60000000000001,176.4,77.80000000000001,95.23333333333333,80.03333333333333,69.0,128.83333333333334,164.0,52.400000000000006,74.13333333333333,167.2,168.9,70.33333333333333,83.3,123.5333333333333,75.8,107.2
 Mar 2013,89.73333333333333,91.0,97.86666666666667,68.93333333333334,67.93333333333334,144.03333333333333,161.66666666666666,160.36666666666667,52.96666666666667,155.1,93.49999999999999,138.79999999999998,133.13333333333335,60.1,128.3,196.26666666666665,92.16666666666667,108.5,90.03333333333335,78.73333333333333,147.13333333333335,182.79999999999998,62.699999999999996,88.33333333333333,198.16666666666666,209.4666666666667,80.10000000000001,95.13333333333333,141.46666666666664,89.26666666666667,130.76666666666668
 Apr 2013,90.53333333333335,92.46666666666665,98.23333333333333,70.66666666666667,69.39999999999999,142.13333333333333,162.70000000000002,152.46666666666667,55.1,154.26666666666668,90.86666666666666,140.66666666666666,126.73333333333335,62.06666666666667,129.46666666666667,197.5,92.8,107.83333333333333,91.56666666666666,80.56666666666666,146.43333333333337,174.33333333333334,64.39999999999999,88.89999999999999,201.6,211.80000000000004,82.10000000000001,96.43333333333334,140.46666666666664,89.86666666666667,130.73333333333335
 May 2013,95.73333333333333,98.83333333333333,101.73333333333333,75.53333333333333,75.0,148.86666666666665,168.73333333333335,154.23333333333332,59.966666666666676,160.6,98.33333333333331,151.0,128.03333333333336,67.5,134.46666666666667,201.5666666666667,96.43333333333334,114.5,98.86666666666667,86.66666666666667,152.70000000000002,175.83333333333334,69.39999999999999,90.83333333333333,204.36666666666667,222.93333333333337,88.8,100.83333333333333,147.46666666666667,93.06666666666666,135.70000000000002
 Jun 2013,94.8,98.33333333333333,99.86666666666667,76.13333333333333,73.9,144.96666666666667,165.63333333333333,147.0,59.66666666666668,158.70000000000002,98.33333333333331,148.76666666666668,125.16666666666669,67.83333333333334,131.33333333333334,207.1,95.23333333333333,112.3,98.46666666666665,85.96666666666665,151.9666666666667,178.4,68.60000000000001,89.3,197.4,217.9666666666667,88.26666666666667,100.83333333333333,146.5333333333333,91.73333333333335,131.93333333333337
 Jul 2013,98.93333333333334,102.36666666666667,104.16666666666667,80.16666666666667,76.53333333333333,149.33333333333334,171.96666666666667,154.63333333333333,61.1,167.23333333333332,108.16666666666664,155.70000000000002,134.4,70.90000000000002,136.43333333333334,208.76666666666665,98.06666666666668,118.16666666666667,102.76666666666667,88.63333333333333,159.9666666666667,195.79999999999998,71.1,91.16666666666667,206.19999999999996,231.5666666666667,90.93333333333332,107.33333333333333,154.4333333333333,96.03333333333335,136.29999999999998
 Aug 2013,98.76666666666667,101.56666666666666,104.56666666666668,80.10000000000001,73.96666666666667,149.16666666666666,173.83333333333334,160.93333333333334,58.30000000000001,171.4333333333333,103.43333333333332,152.36666666666667,143.93333333333337,70.13333333333334,136.33333333333334,215.4,99.23333333333335,115.76666666666667,102.53333333333335,86.46666666666665,164.20000000000002,203.9,68.56666666666666,91.7,210.39999999999998,236.4666666666667,89.03333333333335,109.10000000000001,155.99999999999997,95.83333333333333,138.53333333333333
 Sep 2013,102.0,104.63333333333333,108.33333333333333,80.83333333333333,76.3,156.53333333333333,182.96666666666667,176.80000000000004,57.833333333333336,181.66666666666666,109.89999999999998,151.1,157.13333333333335,71.60000000000001,142.43333333333334,219.03333333333333,102.5,120.83333333333333,107.23333333333333,87.33333333333333,173.36666666666667,217.70000000000005,68.76666666666667,93.93333333333332,229.4333333333333,246.20000000000002,90.3,116.03333333333335,163.16666666666666,98.90000000000002,144.76666666666665
 Oct 2013,101.10000000000001,103.46666666666665,108.06666666666666,78.46666666666665,75.63333333333334,158.20000000000002,182.9666666666667,184.86666666666667,55.03333333333334,185.63333333333333,128.1,140.56666666666666,162.00000000000003,69.66666666666667,142.03333333333333,220.13333333333333,101.56666666666666,114.69999999999999,105.53333333333335,86.76666666666665,174.33333333333334,211.33333333333334,65.13333333333334,94.96666666666668,238.66666666666666,250.13333333333335,87.76666666666667,120.83333333333333,161.23333333333332,97.40000000000002,148.73333333333335
 Nov 2013,98.66666666666667,101.2,105.3,75.56666666666666,74.83333333333333,155.23333333333335,177.6,188.16666666666666,53.20000000000001,180.83333333333334,146.96666666666664,132.63333333333333,157.36666666666667,67.06666666666666,140.46666666666667,210.03333333333333,98.03333333333335,113.96666666666668,104.66666666666667,85.90000000000002,165.23333333333335,197.50000000000003,62.76666666666667,92.26666666666667,241.6,248.46666666666667,86.0,122.60000000000001,151.1,94.60000000000001,145.79999999999998
 Dec 2013,87.39999999999999,90.3,92.2,66.63333333333333,66.0,136.23333333333332,159.63333333333333,170.96666666666667,47.5,162.50000000000003,132.39999999999998,118.43333333333332,137.33333333333334,59.56666666666667,122.5,193.89999999999998,85.06666666666668,97.13333333333333,93.56666666666666,77.8,146.13333333333335,169.46666666666667,54.86666666666667,80.36666666666666,213.13333333333333,217.13333333333335,77.86666666666667,108.36666666666667,130.5333333333333,83.5,125.2
 Jan 2014,90.13333333333333,92.43333333333332,96.26666666666667,68.46666666666665,67.36666666666666,141.93333333333334,164.26666666666665,180.0333333333333,50.43333333333334,168.16666666666666,112.66666666666664,125.13333333333333,142.23333333333335,58.6,127.83333333333333,201.70000000000002,89.40000000000002,102.66666666666667,98.60000000000001,76.03333333333333,156.63333333333335,184.03333333333333,59.13333333333333,81.93333333333332,216.5333333333333,224.53333333333333,79.53333333333335,106.0,140.89999999999998,87.86666666666667,128.29999999999998
 Feb 2014,92.73333333333335,93.66666666666667,102.26666666666667,71.06666666666666,68.49999999999999,146.46666666666667,169.5,178.5666666666667,52.43333333333334,177.0,93.06666666666665,127.23333333333333,153.20000000000002,58.333333333333336,135.5666666666667,212.63333333333333,92.96666666666668,97.06666666666666,99.66666666666667,74.53333333333333,168.8,197.4,61.73333333333334,85.76666666666665,228.96666666666667,242.83333333333334,79.33333333333333,105.66666666666667,151.79999999999998,93.2,136.9333333333333
 Mar 2014,107.16666666666667,106.36666666666667,122.2,83.23333333333333,79.0,169.06666666666666,192.69999999999996,199.9,61.166666666666664,201.83333333333334,104.39999999999998,144.66666666666666,176.4,66.03333333333335,165.26666666666668,239.4666666666667,108.30000000000001,113.46666666666665,113.0,83.76666666666667,191.33333333333337,230.4666666666667,73.60000000000001,100.73333333333333,275.2333333333333,303.3,89.26666666666665,119.93333333333332,176.56666666666663,110.06666666666666,168.16666666666666
 Apr 2014,104.0,103.3,119.03333333333335,82.53333333333332,75.7,161.83333333333334,185.46666666666667,185.26666666666665,59.63333333333335,197.33333333333334,100.79999999999997,141.26666666666665,165.60000000000002,65.13333333333334,160.36666666666667,238.26666666666665,104.16666666666667,105.36666666666667,108.3,83.06666666666666,182.43333333333337,214.80000000000004,71.43333333333334,98.5,265.7,305.90000000000003,87.86666666666666,114.10000000000001,168.49999999999997,106.66666666666667,165.83333333333334
 May 2014,108.8,108.73333333333333,122.83333333333333,87.53333333333332,77.60000000000001,165.9,194.83333333333334,194.03333333333333,63.20000000000001,208.9,108.86666666666663,151.6,158.9666666666667,68.36666666666667,164.26666666666668,244.29999999999998,107.63333333333333,113.13333333333333,113.13333333333333,88.8,188.33333333333334,215.53333333333333,76.06666666666666,102.2,265.16666666666663,316.1,93.56666666666666,118.06666666666666,174.5333333333333,110.43333333333334,169.86666666666665
 Jun 2014,108.53333333333335,109.73333333333335,119.86666666666667,88.83333333333333,76.13333333333333,163.4,192.63333333333335,190.29999999999998,63.20000000000001,211.20000000000002,113.69999999999997,150.66666666666666,151.26666666666668,69.33333333333334,155.73333333333332,243.1,108.2666666666667,110.60000000000001,113.53333333333335,90.13333333333334,190.26666666666668,210.20000000000002,76.16666666666667,102.46666666666668,246.23333333333332,297.73333333333335,94.33333333333333,119.83333333333333,175.79999999999995,108.46666666666665,163.26666666666665
 Jul 2014,113.36666666666667,114.56666666666666,124.33333333333333,92.56666666666666,78.53333333333333,170.36666666666667,202.9666666666667,203.9333333333333,65.33333333333333,220.4666666666667,115.63333333333333,156.23333333333332,159.20000000000002,73.46666666666668,161.6,258.0333333333333,114.16666666666667,116.36666666666667,119.33333333333333,94.36666666666667,197.4333333333333,218.63333333333335,79.39999999999999,107.03333333333335,257.09999999999997,297.43333333333334,99.09999999999998,124.33333333333333,181.39999999999998,113.06666666666666,167.66666666666666
 Aug 2014,111.26666666666665,113.39999999999999,120.13333333333334,90.26666666666665,77.43333333333334,167.33333333333334,199.26666666666665,206.4,61.900000000000006,213.83333333333334,115.46666666666665,153.6,166.5666666666667,74.13333333333334,155.9,259.09999999999997,113.23333333333335,118.56666666666666,119.63333333333333,93.3,193.5,228.23333333333335,74.39999999999999,103.63333333333334,253.6333333333333,284.8,98.2,124.06666666666668,177.63333333333333,108.66666666666667,163.86666666666667
 Sep 2014,114.0,115.56666666666666,124.10000000000002,90.76666666666665,78.93333333333334,173.63333333333333,207.16666666666666,223.03333333333333,61.1,220.4,120.39999999999998,157.46666666666667,185.5666666666667,74.83333333333334,161.73333333333335,265.3333333333333,115.90000000000002,120.53333333333335,122.63333333333333,94.5,201.0666666666667,237.86666666666667,72.89999999999999,105.96666666666668,275.7333333333333,302.3,99.36666666666666,129.20000000000002,180.9333333333333,111.2,173.26666666666665
 Oct 2014,113.56666666666666,115.2,123.33333333333336,89.46666666666665,78.46666666666667,174.9,208.63333333333333,224.76666666666665,59.13333333333333,221.13333333333335,145.83333333333334,153.26666666666665,192.30000000000004,73.63333333333334,165.83333333333334,245.83333333333334,112.86666666666667,117.2,120.96666666666665,95.0,202.10000000000002,238.23333333333335,69.06666666666668,102.66666666666667,287.49999999999994,315.1333333333334,97.06666666666668,138.60000000000002,177.79999999999998,109.33333333333333,175.83333333333334
 Nov 2014,109.43333333333334,111.3,118.23333333333335,86.06666666666666,74.60000000000001,170.53333333333333,201.16666666666666,217.63333333333333,56.96666666666667,214.5666666666667,160.23333333333332,145.9,184.63333333333335,69.26666666666668,164.83333333333334,222.5,106.16666666666669,108.60000000000001,116.0,92.93333333333334,194.9666666666667,216.23333333333335,66.39999999999999,96.16666666666667,283.8333333333333,311.43333333333334,93.36666666666666,137.73333333333335,168.73333333333332,105.13333333333333,167.70000000000002
 Dec 2014,95.89999999999999,98.76666666666667,101.13333333333337,74.99999999999999,64.83333333333333,151.50000000000003,177.83333333333334,189.29999999999998,50.63333333333333,190.5666666666667,145.56666666666663,129.86666666666667,156.60000000000002,61.00000000000001,144.13333333333335,193.26666666666665,90.00000000000001,90.63333333333333,103.76666666666667,83.5,170.83333333333334,181.03333333333333,57.5,80.8,245.23333333333332,268.5,84.2,120.06666666666668,145.6,90.60000000000001,140.86666666666667
 Jan 2015,95.23333333333335,97.69999999999999,101.96666666666668,74.3,64.13333333333334,152.6,173.9,191.73333333333335,51.4,189.83333333333334,128.0333333333333,130.23333333333332,159.03333333333336,57.366666666666674,143.43333333333337,192.66666666666663,90.66666666666667,94.2,106.26666666666667,79.83333333333333,172.0,186.23333333333335,58.53333333333333,83.03333333333333,238.89999999999998,266.3666666666667,83.83333333333333,112.33333333333333,149.56666666666666,91.66666666666667,140.56666666666666
 Feb 2015,98.26666666666667,99.13333333333334,108.9666666666667,77.46666666666665,65.03333333333333,158.1,176.73333333333335,197.03333333333333,54.03333333333334,197.83333333333334,119.2333333333333,133.4,168.76666666666668,55.76666666666667,149.9,205.99999999999997,94.63333333333334,94.36666666666667,108.26666666666667,78.56666666666666,179.9,204.73333333333335,62.199999999999996,88.73333333333335,251.79999999999995,282.53333333333336,84.23333333333333,110.96666666666668,159.93333333333334,97.89999999999999,150.26666666666665
 Mar 2015,112.43333333333334,111.83333333333333,127.90000000000002,90.39999999999998,74.8,178.0666666666667,197.60000000000002,218.70000000000002,64.0,220.53333333333333,134.99999999999997,154.29999999999998,191.83333333333337,61.366666666666674,175.9666666666667,232.4666666666666,108.40000000000002,113.2,120.53333333333335,87.86666666666667,202.9,241.63333333333333,74.9,103.96666666666665,288.0666666666666,328.86666666666673,93.93333333333334,126.63333333333334,184.29999999999998,115.03333333333335,176.13333333333333
 Apr 2015,110.5,111.03333333333335,123.73333333333335,90.93333333333332,73.39999999999999,171.5,190.20000000000002,207.1,65.56666666666666,214.4,134.0,156.53333333333333,176.60000000000002,61.600000000000016,167.9666666666667,231.26666666666665,105.60000000000001,106.06666666666668,117.10000000000001,88.8,197.03333333333333,232.20000000000002,75.6,101.16666666666667,271.63333333333327,314.1333333333334,93.63333333333333,125.7666666666667,181.19999999999996,112.10000000000001,167.83333333333334
 May 2015,112.83333333333333,114.76666666666665,122.70000000000003,94.46666666666665,75.93333333333334,170.9666666666667,192.23333333333335,201.63333333333333,68.7,214.20000000000002,137.63333333333333,164.39999999999998,165.80000000000004,66.20000000000002,166.53333333333333,230.66666666666663,108.06666666666668,111.06666666666666,121.43333333333334,93.36666666666667,196.4,228.5666666666667,78.39999999999999,103.0,258.4,298.1333333333334,98.16666666666667,129.23333333333335,181.36666666666665,111.86666666666667,164.4
 Jun 2015,110.63333333333333,113.66666666666667,117.6666666666667,93.93333333333334,74.10000000000001,165.66666666666666,187.4666666666667,190.6,66.83333333333333,210.4,144.36666666666665,160.89999999999998,152.8666666666667,64.93333333333335,159.03333333333336,222.6333333333333,109.06666666666668,110.56666666666668,121.10000000000001,93.16666666666667,190.70000000000005,220.23333333333335,76.33333333333333,100.33333333333333,243.73333333333332,280.0,97.66666666666667,128.36666666666667,176.83333333333334,107.26666666666667,157.53333333333333
 Jul 2015,115.23333333333335,117.60000000000001,122.90000000000002,98.5,76.16666666666667,172.73333333333335,194.23333333333335,196.9,69.46666666666668,221.0,142.6,165.56666666666663,160.63333333333335,66.23333333333335,164.63333333333335,234.4333333333333,114.73333333333333,121.13333333333333,127.33333333333333,95.10000000000001,198.60000000000002,228.93333333333337,81.23333333333333,103.53333333333332,255.1,283.43333333333334,100.86666666666667,133.33333333333334,182.9333333333333,112.7,162.29999999999998
 Aug 2015,114.2,115.93333333333334,123.2666666666667,97.7,73.23333333333333,172.69999999999996,191.63333333333333,202.6,68.16666666666667,221.60000000000002,134.33333333333334,161.36666666666665,173.33333333333337,61.966666666666676,162.03333333333333,233.0,115.40000000000002,121.93333333333334,124.8,91.66666666666667,203.70000000000002,231.9,80.63333333333334,103.30000000000001,256.99999999999994,289.6,97.36666666666666,134.30000000000004,187.16666666666666,112.26666666666667,165.13333333333333
 Sep 2015,116.0,116.46666666666665,127.7666666666667,98.89999999999999,73.7,177.63333333333333,189.5,218.9333333333333,68.80000000000001,225.30000000000004,135.79999999999998,163.33333333333334,190.73333333333335,61.80000000000001,167.53333333333336,224.79999999999998,115.43333333333334,121.76666666666667,125.2,91.46666666666665,206.3666666666667,237.13333333333335,81.26666666666667,107.7,270.6666666666667,312.0,96.86666666666667,138.53333333333336,188.06666666666663,115.16666666666667,175.70000000000002
 Oct 2015,115.60000000000001,116.26666666666665,127.10000000000002,97.93333333333332,73.46666666666667,178.20000000000002,186.4,228.5,66.30000000000001,226.4,159.66666666666666,159.6,196.73333333333335,59.63333333333335,173.9,217.33333333333334,112.76666666666667,120.60000000000001,120.60000000000001,92.63333333333333,208.6666666666667,233.0666666666667,77.39999999999999,107.33333333333333,280.59999999999997,329.5,94.56666666666666,145.93333333333334,189.1,112.2,182.79999999999998
 Nov 2015,114.73333333333333,115.93333333333334,124.9666666666667,96.83333333333333,74.03333333333333,178.70000000000002,181.96666666666667,228.6,65.13333333333334,224.60000000000002,177.13333333333333,156.03333333333333,191.73333333333335,60.53333333333334,177.10000000000002,215.76666666666665,109.03333333333335,117.16666666666667,120.03333333333335,94.46666666666668,203.70000000000002,222.29999999999998,74.73333333333333,105.09999999999998,283.3333333333333,331.6333333333333,94.96666666666668,149.03333333333336,180.63333333333333,110.0,180.9
 Dec 2015,102.56666666666668,104.8,108.73333333333336,85.23333333333333,66.96666666666665,160.29999999999998,165.60000000000002,210.03333333333333,57.966666666666676,204.9666666666667,156.46666666666667,141.46666666666667,169.20000000000002,53.33333333333334,158.66666666666669,201.79999999999998,94.76666666666667,106.56666666666668,108.63333333333334,85.66666666666667,185.00000000000003,194.20000000000002,65.73333333333333,88.3,253.39999999999995,292.46666666666664,86.46666666666665,132.33333333333334,163.39999999999998,96.36666666666667,154.9
 Jan 2016,102.43333333333334,103.8,110.40000000000003,85.36666666666666,67.16666666666667,161.0,163.46666666666667,206.83333333333334,58.76666666666667,204.80000000000004,136.56666666666666,140.33333333333334,176.5666666666667,52.53333333333334,154.23333333333335,208.16666666666666,96.56666666666668,108.03333333333335,110.7,82.23333333333333,187.43333333333337,204.9333333333333,67.13333333333334,89.7,248.23333333333326,290.3,86.2,124.7666666666667,167.1333333333333,98.69999999999999,154.16666666666666
 Feb 2016,105.26666666666667,105.23333333333333,116.10000000000002,87.73333333333333,69.96666666666667,166.1,166.0,209.4,60.80000000000001,215.13333333333335,126.26666666666667,140.79999999999998,185.73333333333335,51.433333333333344,159.0,212.5,100.36666666666667,108.73333333333335,113.66666666666667,80.93333333333334,195.63333333333335,216.36666666666667,70.60000000000001,92.89999999999999,261.29999999999995,305.8,87.06666666666666,121.33333333333336,177.86666666666665,104.13333333333334,160.76666666666665
 Mar 2016,119.63333333333333,118.73333333333333,134.26666666666668,101.83333333333333,79.46666666666665,188.0666666666667,181.86666666666665,227.16666666666666,70.80000000000001,243.0,145.13333333333335,153.96666666666667,203.53333333333333,57.866666666666674,180.93333333333337,239.23333333333332,116.0,124.2,127.8,89.86666666666667,225.83333333333334,243.9,82.26666666666667,108.16666666666667,295.03333333333325,357.8,97.0,138.20000000000002,205.4333333333333,119.7,188.36666666666667
 Apr 2016,120.33333333333333,120.16666666666667,133.33333333333337,103.13333333333333,80.53333333333335,188.96666666666667,178.9333333333333,225.76666666666665,72.16666666666667,243.5,154.23333333333335,161.16666666666666,189.76666666666668,59.03333333333334,186.23333333333335,230.69999999999996,113.60000000000002,124.13333333333333,128.66666666666666,92.76666666666667,223.03333333333333,233.5,83.63333333333333,104.36666666666667,300.29999999999995,361.3333333333333,99.03333333333335,139.43333333333337,203.9333333333333,119.06666666666666,186.73333333333332
 May 2016,125.56666666666666,125.69999999999999,138.23333333333335,108.96666666666665,83.60000000000001,197.13333333333333,181.86666666666665,231.5666666666667,76.7,253.63333333333335,158.53333333333333,170.46666666666667,185.9,62.93333333333334,192.9,246.33333333333334,117.06666666666668,132.76666666666668,135.63333333333333,97.16666666666667,229.73333333333335,241.83333333333334,87.59999999999998,108.13333333333333,306.99999999999994,382.1666666666667,104.46666666666665,145.0,209.89999999999998,123.10000000000001,194.86666666666667
 Jun 2016,125.5,126.39999999999999,136.8666666666667,109.63333333333333,83.00000000000001,197.63333333333333,179.0666666666667,229.16666666666666,77.00000000000001,255.30000000000004,152.16666666666666,169.63333333333335,183.5,64.33333333333334,191.0333333333334,249.46666666666667,116.46666666666668,131.5,135.86666666666667,98.2,229.30000000000004,242.66666666666666,87.60000000000001,106.73333333333333,304.3666666666666,374.3666666666666,105.33333333333333,144.79999999999998,210.83333333333334,122.19999999999999,191.76666666666665
 Jul 2016,127.59999999999998,128.66666666666666,139.3666666666667,111.39999999999999,83.76666666666667,204.4,180.46666666666667,230.5666666666667,78.43333333333334,259.8333333333333,148.29999999999998,168.0,194.50000000000003,65.76666666666667,188.63333333333335,265.09999999999997,120.13333333333334,133.0666666666667,139.36666666666667,98.53333333333335,236.03333333333333,252.4333333333333,89.63333333333333,109.36666666666667,302.8666666666666,379.6666666666667,106.73333333333335,148.26666666666668,215.9666666666666,124.89999999999999,193.5
 Aug 2016,129.1,129.66666666666666,142.00000000000003,111.93333333333332,83.89999999999999,208.63333333333333,181.9333333333333,244.0333333333333,77.13333333333334,260.70000000000005,147.4,170.4,213.4666666666667,65.10000000000001,193.13333333333335,269.43333333333334,124.06666666666668,136.79999999999998,140.23333333333335,98.43333333333334,243.63333333333335,258.5,89.39999999999999,111.26666666666667,317.3999999999999,377.8,106.3,150.66666666666666,222.39999999999998,127.10000000000001,197.70000000000002
 Sep 2016,132.13333333333333,131.70000000000002,146.63333333333335,112.66666666666667,84.93333333333334,218.26666666666665,187.79999999999998,263.3,75.66666666666667,264.06666666666666,160.5,175.96666666666667,232.63333333333335,64.63333333333334,201.80000000000004,282.1666666666667,128.56666666666666,146.1,142.73333333333332,99.83333333333333,247.33333333333334,269.7,88.86666666666667,116.73333333333333,339.3666666666666,388.76666666666665,106.76666666666667,159.46666666666667,223.69999999999996,130.53333333333333,206.79999999999998
 Oct 2016,132.33333333333331,131.1,147.83333333333337,112.26666666666665,85.36666666666667,218.20000000000002,188.36666666666667,270.1666666666667,72.43333333333334,265.40000000000003,181.53333333333333,172.79999999999998,241.20000000000002,62.900000000000006,208.9666666666667,279.03333333333336,128.23333333333335,150.53333333333333,140.86666666666665,100.40000000000002,246.6,264.53333333333336,84.73333333333333,119.46666666666665,359.1666666666667,402.23333333333335,104.63333333333333,167.50000000000003,219.9333333333333,129.20000000000002,216.4
 Nov 2016,128.36666666666665,127.56666666666668,142.50000000000003,109.06666666666666,80.93333333333332,214.03333333333333,181.0,266.5,69.10000000000001,259.3333333333333,197.83333333333334,166.86666666666667,227.13333333333335,60.00000000000001,207.30000000000004,271.2333333333333,121.2,150.0,136.1,99.66666666666667,235.0,246.73333333333335,81.10000000000001,114.36666666666667,356.3666666666666,394.8333333333333,101.53333333333335,168.53333333333333,208.29999999999995,124.39999999999999,209.06666666666663
 Dec 2016,114.16666666666667,114.2,125.0666666666667,96.76666666666665,71.2,192.19999999999996,159.03333333333333,243.63333333333335,61.26666666666667,233.3666666666667,179.13333333333333,151.4,199.23333333333335,51.93333333333334,185.00000000000003,238.5,104.96666666666668,139.1,124.09999999999998,89.5,208.5,211.20000000000002,71.43333333333334,97.83333333333333,322.13333333333327,348.9666666666667,91.83333333333333,149.86666666666667,182.8333333333333,110.06666666666666,180.30000000000004
 Jan 2017,115.43333333333332,114.13333333333333,129.1666666666667,97.39999999999999,70.76666666666667,196.6,159.66666666666666,255.23333333333335,62.26666666666667,236.6666666666667,163.1,152.9,200.8666666666667,49.00000000000001,191.5666666666667,244.26666666666665,106.80000000000001,157.9,125.56666666666666,87.60000000000001,212.5,222.36666666666667,74.73333333333333,98.66666666666667,328.0666666666666,357.8,92.43333333333334,143.53333333333333,187.39999999999998,115.06666666666666,182.03333333333333
 Feb 2017,117.43333333333332,114.53333333333335,134.80000000000004,98.59999999999998,73.43333333333334,201.96666666666667,160.66666666666666,257.3666666666666,63.866666666666674,242.23333333333335,149.9,154.73333333333332,203.5666666666667,46.366666666666674,198.9666666666667,249.19999999999996,109.66666666666667,172.13333333333333,127.03333333333335,85.63333333333334,218.70000000000002,232.89999999999998,77.63333333333333,102.53333333333335,341.13333333333327,375.5333333333333,92.43333333333334,140.70000000000002,194.1,119.83333333333333,191.20000000000002
 Mar 2017,137.33333333333334,132.36666666666667,160.83333333333337,116.13333333333333,87.3,234.03333333333333,185.26666666666665,294.7,75.46666666666668,280.4333333333334,167.03333333333333,179.9333333333333,233.10000000000002,54.43333333333334,237.3666666666667,292.40000000000003,129.63333333333335,204.13333333333333,145.23333333333332,97.83333333333333,254.10000000000002,277.06666666666666,93.76666666666665,123.73333333333333,397.2666666666666,453.8333333333333,106.10000000000001,161.4,229.73333333333332,142.16666666666666,231.29999999999998
 Apr 2017,133.70000000000002,129.7,154.80000000000004,113.8,85.2,225.9666666666667,180.73333333333335,279.7,74.30000000000001,276.56666666666666,154.70000000000002,178.86666666666667,215.26666666666668,53.93333333333334,231.13333333333335,292.1666666666667,124.60000000000002,193.03333333333333,142.70000000000002,96.39999999999999,246.70000000000002,260.9,90.43333333333334,119.96666666666665,384.43333333333334,441.5,105.06666666666666,154.10000000000002,224.66666666666666,136.96666666666667,222.23333333333335
 May 2017,140.86666666666667,137.70000000000002,161.1666666666667,120.06666666666665,90.03333333333335,237.20000000000002,192.5,289.1,78.7,290.8333333333333,168.60000000000002,187.46666666666667,219.9,57.00000000000001,242.73333333333338,315.8666666666666,130.73333333333335,207.69999999999996,150.4,103.13333333333333,260.03333333333336,273.1666666666667,95.46666666666665,124.73333333333335,397.46666666666664,458.6666666666667,111.63333333333334,163.33333333333334,238.49999999999997,143.4,228.16666666666666
 Jun 2017,137.16666666666666,134.36666666666665,156.20000000000005,116.93333333333332,87.63333333333334,230.26666666666665,190.0,276.96666666666664,76.63333333333334,285.5,163.9333333333333,176.83333333333334,206.83333333333334,55.16666666666668,238.30000000000004,311.53333333333336,127.2,209.63333333333335,145.29999999999998,101.39999999999999,255.23333333333335,257.3333333333333,92.0,121.06666666666668,390.1666666666666,447.09999999999997,109.16666666666667,157.10000000000002,234.49999999999997,138.76666666666668,221.70000000000002
 Jul 2017,143.39999999999998,140.1,164.30000000000004,121.39999999999998,92.3,243.5666666666667,195.66666666666666,297.3333333333333,79.66666666666667,297.1666666666667,170.0666666666667,186.29999999999998,214.60000000000002,58.50000000000001,250.26666666666674,331.26666666666665,131.73333333333335,228.33333333333334,150.56666666666666,106.33333333333333,264.6333333333334,272.3666666666667,96.10000000000001,127.83333333333336,410.8999999999999,472.3333333333333,114.5,162.9666666666667,242.23333333333332,146.1,233.36666666666665
 Aug 2017,142.76666666666665,138.5,164.70000000000005,118.43333333333332,92.83333333333333,244.4,196.5,314.76666666666665,77.39999999999999,295.3333333333333,162.63333333333333,184.43333333333337,223.36666666666667,60.03333333333334,251.4666666666667,344.6333333333334,130.70000000000002,230.16666666666666,151.16666666666669,105.13333333333334,260.36666666666673,271.6666666666667,92.66666666666667,128.63333333333335,420.63333333333327,483.3666666666666,114.26666666666665,159.86666666666667,235.5333333333333,145.53333333333333,237.66666666666666
 Sep 2017,142.06666666666663,137.1,165.00000000000003,115.13333333333333,92.53333333333335,248.46666666666667,196.33333333333334,332.1666666666667,74.76666666666667,293.3333333333333,177.83333333333334,189.06666666666663,231.76666666666668,58.70000000000001,256.3,353.5666666666666,126.96666666666668,223.5,149.0666666666667,105.23333333333333,254.9,276.23333333333335,89.0,127.89999999999999,435.3333333333333,494.3333333333333,112.69999999999999,162.76666666666668,229.4333333333333,145.53333333333333,239.53333333333333
 Oct 2017,142.96666666666667,137.0666666666667,167.43333333333337,114.16666666666667,92.7,253.4,198.0,348.0,72.80000000000001,294.73333333333335,206.03333333333333,186.76666666666665,243.03333333333333,57.00000000000002,270.03333333333336,352.9666666666667,125.23333333333335,221.16666666666666,149.4,105.80000000000001,254.53333333333333,274.9666666666667,85.93333333333334,126.43333333333334,464.3,519.6,110.93333333333334,171.0,227.39999999999998,146.46666666666667,246.70000000000002
 Nov 2017,137.43333333333334,131.79999999999998,160.90000000000003,108.93333333333332,87.93333333333334,246.46666666666667,189.23333333333335,345.8666666666666,68.96666666666667,282.40000000000003,212.93333333333337,183.76666666666665,237.6666666666667,54.100000000000016,264.7,331.4,117.06666666666668,212.13333333333333,141.4,102.96666666666665,244.13333333333335,258.6333333333333,81.93333333333334,119.53333333333335,458.4333333333332,505.3999999999999,106.23333333333333,167.00000000000003,217.4333333333333,140.70000000000002,237.5666666666667
 Dec 2017,122.7,118.56666666666666,142.03333333333336,96.36666666666666,76.36666666666666,223.83333333333334,170.29999999999998,318.0,61.9,255.0333333333334,177.53333333333333,166.6,216.73333333333335,48.166666666666686,236.13333333333335,294.6666666666667,102.90000000000002,186.96666666666667,131.0,91.13333333333334,222.33333333333334,226.0,72.66666666666667,102.93333333333334,408.0333333333333,453.09999999999997,96.63333333333333,145.90000000000003,195.56666666666663,124.63333333333333,208.66666666666666
 Jan 2018,123.8,118.66666666666667,144.2666666666667,96.36666666666666,77.66666666666667,228.63333333333333,173.36666666666667,317.73333333333335,63.20000000000001,256.50000000000006,152.5666666666667,170.73333333333332,225.33333333333337,48.26666666666669,234.76666666666674,292.76666666666665,107.86666666666667,185.36666666666667,133.43333333333334,88.56666666666666,227.4,237.13333333333335,74.76666666666667,107.3,400.3666666666666,450.5333333333333,97.26666666666667,139.63333333333335,201.23333333333332,126.90000000000002,211.5333333333333
 Feb 2018,125.59999999999998,118.93333333333332,149.0333333333334,98.89999999999999,77.60000000000001,235.63333333333333,172.66666666666666,309.56666666666666,65.5,260.00000000000006,140.16666666666666,175.53333333333333,227.16666666666666,48.466666666666676,238.60000000000005,297.8333333333333,111.66666666666667,177.30000000000004,134.63333333333333,87.0,230.1666666666667,251.83333333333334,77.83333333333333,111.06666666666668,398.3333333333333,472.6666666666667,97.33333333333333,138.73333333333338,204.13333333333333,130.83333333333334,219.9333333333333
 Mar 2018,144.33333333333334,135.03333333333333,173.80000000000004,115.56666666666666,91.7,268.4,191.66666666666666,339.5,76.76666666666667,291.8,163.53333333333333,201.33333333333334,255.53333333333333,57.100000000000016,274.23333333333335,332.7333333333333,129.66666666666666,210.5666666666667,150.63333333333335,100.10000000000001,257.66666666666674,294.43333333333334,91.96666666666665,130.8,448.4333333333332,548.6666666666666,110.66666666666667,157.80000000000004,230.73333333333332,151.83333333333334,259.1333333333333
 Apr 2018,143.19999999999996,134.79999999999998,171.30000000000004,115.73333333333333,90.56666666666668,266.3666666666666,187.83333333333334,329.09999999999997,78.3,288.1000000000001,172.60000000000002,204.30000000000004,240.33333333333337,57.53333333333334,266.33333333333337,335.3666666666667,127.33333333333336,204.1,149.46666666666667,101.56666666666666,252.00000000000003,284.7666666666667,94.06666666666666,126.46666666666665,433.7666666666666,543.0666666666666,111.10000000000001,157.80000000000004,226.76666666666665,150.03333333333333,254.20000000000002
 May 2018,149.46666666666667,142.29999999999998,175.5333333333334,120.23333333333333,97.36666666666667,276.40000000000003,196.5666666666667,340.0333333333333,83.2,298.7,177.16666666666666,218.60000000000002,237.1666666666667,61.600000000000016,270.96666666666675,345.23333333333335,132.93333333333337,223.9333333333333,157.70000000000002,108.33333333333333,262.6000000000001,292.7666666666667,99.09999999999998,130.86666666666667,436.8333333333333,544.6666666666666,118.43333333333334,163.53333333333336,237.26666666666665,154.76666666666668,257.5
 Jun 2018,147.06666666666666,141.56666666666663,171.10000000000002,118.16666666666667,97.13333333333333,272.9666666666667,192.1,329.03333333333336,81.4,293.1333333333334,175.73333333333335,222.46666666666667,224.33333333333337,62.83333333333335,260.3,348.26666666666665,131.03333333333333,221.79999999999998,156.1,108.86666666666666,259.33333333333337,281.53333333333336,97.76666666666667,127.73333333333333,420.2,524.8666666666667,118.66666666666667,160.16666666666669,234.76666666666665,151.26666666666665,246.5
 Jul 2018,151.03333333333333,145.83333333333334,175.06666666666672,120.69999999999999,101.10000000000001,282.70000000000005,193.03333333333333,342.93333333333334,82.73333333333333,298.7,171.66666666666666,232.79999999999998,227.8666666666667,66.93333333333334,270.03333333333336,365.4666666666667,132.5666666666667,240.0,158.73333333333332,113.36666666666667,265.53333333333336,288.6333333333333,100.13333333333333,128.53333333333333,433.0666666666666,537.7333333333333,123.3,161.36666666666667,241.13333333333333,154.70000000000002,249.73333333333335
 Aug 2018,151.06666666666663,145.6,176.0,119.46666666666665,101.53333333333332,285.6666666666667,189.39999999999998,358.0,80.76666666666667,296.6333333333334,170.5666666666667,234.66666666666666,239.33333333333334,67.46666666666668,267.90000000000003,385.43333333333334,133.26666666666668,244.0666666666667,155.36666666666667,114.76666666666667,264.3333333333334,290.1666666666667,97.26666666666667,128.53333333333333,444.3999999999999,545.5333333333333,123.36666666666667,160.4,240.4333333333333,153.83333333333334,253.1
 Sep 2018,152.1,145.96666666666667,178.73333333333338,118.8,101.53333333333335,289.4666666666667,191.76666666666665,376.8,79.56666666666666,299.8333333333333,185.96666666666667,232.29999999999998,253.66666666666666,65.7,273.4333333333334,403.59999999999997,131.93333333333337,246.66666666666666,152.5,116.33333333333333,265.1666666666667,298.2666666666667,95.03333333333335,129.16666666666666,464.5333333333333,568.4666666666666,122.30000000000001,167.63333333333335,239.56666666666663,154.33333333333334,263.53333333333336
 Oct 2018,153.06666666666663,146.16666666666666,182.30000000000004,119.03333333333332,100.76666666666665,293.26666666666665,193.76666666666665,386.43333333333334,78.0,300.76666666666665,209.20000000000002,229.23333333333335,267.4333333333334,64.30000000000001,277.50000000000006,404.56666666666666,133.5666666666667,245.79999999999995,152.1,116.76666666666667,265.00000000000006,305.03333333333336,93.63333333333333,131.96666666666667,483.13333333333327,589.2333333333333,120.33333333333333,177.60000000000002,238.13333333333333,155.63333333333333,274.90000000000003
 Nov 2018,147.83333333333334,141.29999999999998,175.5333333333334,114.16666666666667,96.80000000000001,286.56666666666666,186.66666666666666,378.0,74.5,292.43333333333334,220.23333333333335,222.6,259.1666666666667,61.466666666666676,271.23333333333335,371.1333333333334,124.2666666666667,242.69999999999996,147.83333333333334,113.66666666666667,253.30000000000007,290.90000000000003,90.36666666666667,123.2333333333333,470.99999999999994,578.1666666666666,116.03333333333335,177.60000000000002,224.06666666666663,149.43333333333334,266.2666666666667
 Dec 2018,130.86666666666665,125.89999999999998,153.30000000000004,100.06666666666666,84.8,256.59999999999997,164.13333333333335,346.73333333333335,65.43333333333334,262.3333333333333,189.53333333333333,198.9333333333333,229.83333333333334,55.566666666666684,238.3333333333334,318.6666666666667,109.03333333333335,212.39999999999998,134.9,100.16666666666667,226.3666666666667,255.30000000000004,79.5,105.46666666666665,419.8666666666666,502.1333333333334,104.33333333333333,155.0666666666667,198.73333333333332,131.73333333333332,228.26666666666668
 Jan 2019,130.7,125.03333333333332,153.10000000000005,98.43333333333332,85.73333333333333,258.06666666666666,163.29999999999998,356.9666666666667,66.3,261.8,165.3,202.06666666666663,231.0,55.83333333333335,234.8666666666667,318.90000000000003,108.7,221.9666666666666,135.79999999999998,97.56666666666666,228.10000000000005,263.03333333333336,80.33333333333333,105.76666666666667,408.8999999999999,496.93333333333334,104.8,147.30000000000004,199.9666666666666,132.0,226.53333333333333
 Feb 2019,133.46666666666667,127.2333333333333,157.30000000000004,101.8,89.26666666666667,257.73333333333335,168.73333333333335,350.8666666666666,68.23333333333333,269.56666666666666,154.20000000000002,198.86666666666667,235.33333333333337,57.73333333333335,241.8666666666667,327.56666666666666,113.16666666666669,222.76666666666665,139.66666666666666,97.0,236.26666666666674,271.3666666666667,82.89999999999999,109.7,417.0666666666666,510.93333333333334,105.89999999999999,148.40000000000003,209.1,135.6,232.70000000000002
 Mar 2019,152.23333333333332,144.0333333333333,181.4666666666667,117.63333333333333,102.96666666666665,293.73333333333335,188.29999999999998,383.40000000000003,79.5,301.83333333333337,172.6,227.39999999999998,262.3666666666667,65.50000000000001,278.6333333333334,361.8666666666666,131.10000000000002,260.09999999999997,156.0,109.76666666666667,266.9000000000001,315.3,97.36666666666667,127.66666666666667,458.5999999999999,598.6666666666666,119.3,167.5666666666667,240.23333333333335,154.79999999999998,274.23333333333335
 Apr 2019,145.89999999999998,139.89999999999998,170.20000000000005,114.26666666666665,100.39999999999999,280.06666666666666,177.86666666666667,347.93333333333334,77.66666666666667,286.7666666666667,168.36666666666667,223.79999999999998,238.9666666666667,64.80000000000001,263.7666666666667,344.6666666666667,125.40000000000002,245.66666666666666,150.66666666666666,108.83333333333333,251.5666666666667,291.7,94.60000000000001,120.2,425.13333333333327,555.7333333333333,117.3,161.00000000000003,228.19999999999996,145.6,255.76666666666665
 May 2019,148.83333333333334,143.56666666666663,172.06666666666672,115.66666666666664,103.93333333333334,291.1333333333334,178.0333333333333,350.76666666666665,80.39999999999999,285.6666666666667,172.66666666666666,237.76666666666665,228.6666666666667,67.66666666666669,263.36666666666673,363.43333333333334,128.93333333333337,261.0333333333333,154.0666666666667,113.76666666666667,250.23333333333335,300.06666666666666,97.56666666666668,123.10000000000002,413.7,557.5333333333334,122.23333333333333,160.0666666666667,231.33333333333334,147.33333333333334,258.26666666666665
 Jun 2019,143.16666666666666,139.63333333333333,162.43333333333337,111.53333333333332,102.83333333333333,277.36666666666673,171.29999999999998,326.3666666666666,78.5,272.73333333333335,165.60000000000002,232.6,208.9666666666667,66.93333333333335,246.76666666666668,352.59999999999997,124.00000000000001,257.0333333333333,149.10000000000002,111.86666666666667,239.00000000000003,286.70000000000005,93.93333333333334,117.63333333333334,388.5,516.5666666666667,119.63333333333334,154.63333333333335,222.63333333333333,139.9,240.96666666666667
 Jul 2019,149.0,145.56666666666663,168.90000000000003,114.89999999999999,109.33333333333333,288.06666666666666,178.03333333333333,346.09999999999997,80.9,287.3,172.20000000000002,237.5333333333333,219.5666666666667,70.43333333333335,252.5,368.3666666666666,128.4,274.63333333333327,154.9,116.3,252.10000000000002,302.73333333333335,96.03333333333335,121.13333333333337,401.46666666666664,553.6666666666666,124.30000000000001,161.13333333333335,234.39999999999998,144.53333333333333,253.79999999999998
 Aug 2019,145.33333333333334,141.99999999999997,164.30000000000004,111.03333333333332,106.66666666666667,279.3666666666667,173.53333333333333,357.1666666666667,78.16666666666667,282.0333333333333,165.73333333333335,227.5666666666667,229.80000000000004,67.90000000000002,243.23333333333335,358.73333333333335,124.56666666666668,271.5333333333333,149.93333333333337,112.16666666666667,253.13333333333335,299.7,92.76666666666667,116.33333333333333,388.0666666666666,548.6,119.89999999999999,160.4666666666667,231.29999999999998,139.39999999999998,251.03333333333333
 Sep 2019,149.79999999999998,145.0333333333333,171.73333333333338,113.06666666666665,107.89999999999999,290.93333333333334,180.16666666666666,386.2666666666667,77.89999999999999,289.53333333333336,184.6,227.29999999999998,253.5,68.86666666666667,253.13333333333335,373.5333333333333,129.53333333333336,282.43333333333334,153.36666666666667,114.39999999999999,260.1,309.0333333333333,93.43333333333332,122.13333333333334,412.3333333333333,585.4,121.06666666666666,170.10000000000002,235.29999999999995,143.5,270.1333333333333
 Oct 2019,148.0,141.49999999999997,172.60000000000002,111.26666666666665,104.03333333333335,289.8666666666667,178.63333333333333,392.3,75.36666666666666,283.1,207.5,217.53333333333333,264.06666666666666,66.66666666666669,255.70000000000002,358.96666666666664,127.70000000000003,276.76666666666665,146.8,112.46666666666665,254.23333333333335,306.3,91.63333333333333,121.90000000000002,422.63333333333327,598.5666666666667,115.5,189.9,227.6,142.70000000000002,276.73333333333335
 Nov 2019,142.73333333333332,135.89999999999998,167.43333333333337,107.26666666666665,98.93333333333332,282.0333333333333,171.16666666666666,381.6333333333334,71.46666666666667,273.53333333333336,214.86666666666667,209.70000000000002,257.40000000000003,64.20000000000002,253.70000000000002,328.26666666666665,120.63333333333337,263.79999999999995,140.66666666666666,108.36666666666666,243.4666666666667,291.6,87.09999999999998,116.60000000000001,431.2,582.4,110.06666666666666,187.26666666666668,217.4333333333333,138.73333333333332,267.23333333333335
 Dec 2019,125.39999999999998,120.26666666666664,144.43333333333337,93.19999999999999,86.63333333333333,251.1,149.46666666666667,343.1666666666667,63.0,241.9666666666667,186.16666666666666,189.29999999999998,227.36666666666667,57.90000000000001,221.19999999999996,297.93333333333334,102.86666666666669,224.5333333333333,124.86666666666666,95.96666666666665,217.1666666666667,254.33333333333334,75.7,97.2666666666667,382.4333333333332,495.7333333333333,98.36666666666667,163.96666666666667,191.63333333333333,121.23333333333335,225.03333333333333
 Jan 2020,127.49999999999999,121.93333333333332,148.0666666666667,94.5,88.83333333333333,256.2,150.70000000000002,349.4666666666667,64.8,248.80000000000004,155.26666666666668,198.13333333333333,226.0333333333333,57.600000000000016,225.9333333333333,310.7,105.93333333333335,234.86666666666665,128.66666666666666,94.86666666666667,226.9666666666667,263.73333333333335,76.86666666666667,101.16666666666667,389.7333333333333,500.8666666666666,101.26666666666665,142.26666666666668,201.73333333333335,124.63333333333333,229.53333333333333
 Feb 2020,128.63333333333333,122.93333333333332,150.1666666666667,95.66666666666667,90.73333333333333,260.5,150.13333333333333,340.3333333333333,66.5,253.30000000000004,145.00000000000003,198.89999999999998,225.0666666666667,57.83333333333334,226.79999999999998,319.8666666666667,107.4666666666667,232.36666666666665,130.73333333333335,94.89999999999999,230.33333333333334,265.53333333333336,78.76666666666667,102.63333333333333,386.09999999999997,511.7666666666667,102.43333333333334,139.86666666666667,206.29999999999998,126.46666666666665,232.66666666666666
 Mar 2020,131.99999999999997,125.46666666666664,156.63333333333335,99.19999999999999,95.23333333333333,267.03333333333336,151.1,331.96666666666664,68.66666666666667,260.76666666666665,147.93333333333337,209.4,213.76666666666665,59.76666666666669,237.69999999999996,325.7666666666667,108.40000000000002,243.0333333333333,133.66666666666669,97.26666666666667,229.46666666666667,279.73333333333335,81.80000000000001,104.26666666666667,399.09999999999997,558.6333333333333,104.43333333333334,143.9666666666667,209.36666666666665,130.66666666666666,247.0
 Apr 2020,93.49999999999999,90.49999999999999,107.56666666666672,70.33333333333333,68.60000000000001,192.26666666666668,104.56666666666665,224.19999999999996,48.26666666666667,186.53333333333333,126.26666666666667,162.4,130.26666666666668,46.03333333333335,168.79999999999998,242.6,68.50000000000003,167.0333333333333,94.96666666666668,73.23333333333333,156.43333333333337,200.73333333333335,55.866666666666674,65.00000000000001,282.96666666666664,409.0666666666668,76.23333333333333,104.63333333333334,145.2,89.80000000000001,169.46666666666667
 May 2020,71.79999999999998,70.29999999999998,80.23333333333336,51.99999999999999,53.36666666666667,157.16666666666669,79.96666666666665,167.76666666666668,34.866666666666674,150.0666666666667,97.93333333333334,143.4333333333333,78.1,36.36666666666669,130.0,222.5,45.13333333333336,135.46666666666667,71.93333333333334,58.1,121.80000000000001,160.20000000000002,39.03333333333333,42.66666666666668,222.1,333.03333333333336,59.666666666666664,77.43333333333335,115.36666666666666,66.73333333333333,127.26666666666667
 Jun 2020,71.03333333333332,70.66666666666664,76.70000000000005,48.36666666666665,52.03333333333333,167.5666666666667,80.63333333333333,171.5666666666667,31.100000000000005,153.66666666666666,95.3,154.56666666666666,88.76666666666665,32.066666666666684,123.53333333333335,253.9,42.43333333333336,139.86666666666665,71.53333333333335,56.166666666666664,136.66666666666669,156.66666666666669,35.766666666666666,41.03333333333334,214.66666666666663,320.93333333333334,57.79999999999999,79.43333333333335,125.33333333333333,64.46666666666665,119.3
 Jul 2020,96.86666666666663,94.83333333333331,106.93333333333338,64.8,70.0,232.5333333333334,110.33333333333333,242.4333333333333,43.20000000000001,210.60000000000002,108.83333333333333,189.79999999999998,142.73333333333332,40.200000000000024,170.13333333333335,328.50000000000006,64.9666666666667,195.5,95.83333333333333,71.89999999999999,194.9,204.93333333333337,51.6,62.76666666666667,296.7,422.43333333333334,75.76666666666667,107.03333333333336,177.06666666666663,89.83333333333333,166.43333333333337
 Aug 2020,109.09999999999998,106.36666666666666,121.06666666666672,71.43333333333332,81.33333333333333,258.20000000000005,129.20000000000002,280.6666666666667,48.20000000000001,231.63333333333333,126.86666666666667,214.4333333333333,166.79999999999998,45.60000000000002,194.9666666666667,353.1666666666667,76.36666666666669,219.73333333333335,106.0,81.33333333333333,215.4,230.70000000000002,58.93333333333333,73.0,340.1666666666666,466.7,85.5,120.33333333333336,195.5333333333333,101.3,189.83333333333334
 Sep 2020,118.16666666666667,113.46666666666664,133.93333333333337,76.89999999999999,89.36666666666666,275.03333333333336,143.93333333333334,308.76666666666665,52.06666666666667,251.33333333333334,141.1,220.5,178.46666666666667,51.13333333333335,219.03333333333333,364.73333333333335,84.03333333333336,238.5333333333333,109.96666666666668,88.43333333333334,225.70000000000002,250.5,63.633333333333326,82.26666666666667,389.5,506.5333333333333,91.96666666666665,126.4666666666667,206.9333333333333,111.46666666666668,212.1
 Oct 2020,124.09999999999998,118.19999999999999,143.06666666666672,81.3,94.90000000000002,282.23333333333335,154.70000000000002,323.3,52.56666666666667,258.5333333333333,162.96666666666667,232.66666666666666,201.9,54.76666666666669,238.33333333333334,369.93333333333334,88.5666666666667,244.86666666666665,115.10000000000001,93.23333333333333,230.93333333333337,267.1666666666667,65.76666666666667,87.83333333333333,421.5333333333333,541.5666666666667,95.7,137.73333333333335,208.29999999999998,118.46666666666665,228.5
 Nov 2020,132.0,125.13333333333331,153.50000000000003,88.49999999999999,98.93333333333334,296.9666666666667,160.8,345.76666666666665,56.30000000000001,270.46666666666664,181.33333333333334,239.13333333333333,227.6,58.33333333333335,255.9,383.76666666666665,95.36666666666669,258.0333333333333,125.13333333333334,98.0,243.03333333333333,280.06666666666666,70.23333333333333,96.40000000000002,447.2333333333333,580.1999999999999,100.83333333333333,150.70000000000002,216.69999999999996,127.16666666666667,245.0666666666667
 Dec 2020,123.03333333333335,118.0,140.06666666666672,83.26666666666665,90.53333333333335,274.5,149.7,327.76666666666665,53.73333333333334,245.76666666666665,181.63333333333333,228.06666666666663,216.36666666666665,55.066666666666684,238.9666666666667,339.3666666666667,87.10000000000002,235.86666666666667,120.16666666666669,93.53333333333335,224.13333333333335,256.6333333333334,65.26666666666667,87.16666666666669,401.63333333333327,530.1666666666666,96.03333333333335,144.10000000000002,196.9333333333333,116.63333333333333,221.6
 Jan 2021,127.46666666666665,121.49999999999999,147.53333333333336,86.93333333333332,92.53333333333335,285.1333333333334,154.46666666666667,336.03333333333336,57.06666666666667,257.73333333333335,176.0666666666667,236.96666666666667,211.76666666666665,55.76666666666669,245.26666666666668,350.6666666666667,92.33333333333337,245.13333333333333,123.86666666666667,95.43333333333334,232.6666666666667,268.23333333333335,69.3,93.80000000000001,416.96666666666664,549.6999999999999,99.53333333333335,141.4666666666667,208.36666666666665,123.60000000000001,230.83333333333334
 Feb 2021,131.83333333333334,125.13333333333333,154.13333333333335,89.76666666666665,97.40000000000002,293.53333333333336,161.60000000000002,339.8333333333333,59.93333333333334,271.53333333333336,175.86666666666667,239.5,205.36666666666667,58.00000000000002,256.20000000000005,354.5333333333333,96.9666666666667,246.9333333333333,125.46666666666668,97.83333333333333,243.76666666666668,275.2666666666667,72.8,98.30000000000001,434.0,575.5666666666667,101.96666666666665,144.36666666666667,219.1,128.4,243.5333333333333
 Mar 2021,159.66666666666666,150.26666666666665,188.93333333333337,110.49999999999999,118.73333333333333,353.1666666666667,193.5666666666667,394.8666666666666,73.89999999999999,330.0333333333333,197.5333333333333,292.90000000000003,234.5666666666667,70.40000000000002,309.50000000000006,408.90000000000003,118.7666666666667,308.23333333333335,146.8,118.23333333333333,290.4666666666667,330.5,92.09999999999998,120.90000000000002,520.9,711.3666666666668,122.66666666666667,170.83333333333334,265.3333333333333,156.63333333333333,301.2
 Apr 2021,165.4333333333333,156.73333333333332,193.3666666666667,116.76666666666665,122.89999999999999,358.8666666666666,197.66666666666666,406.8333333333333,77.9,336.3666666666667,205.36666666666667,301.43333333333334,251.13333333333335,75.46666666666668,319.2,408.06666666666666,123.53333333333336,313.63333333333327,154.10000000000002,124.26666666666667,297.20000000000005,336.1,96.53333333333332,124.53333333333335,521.9333333333334,732.3000000000001,128.5,181.6666666666667,269.5333333333333,159.8,310.09999999999997
 May 2021,179.9,170.6,209.8666666666667,130.2,130.96666666666667,385.5333333333333,211.86666666666667,434.4666666666667,85.46666666666668,359.09999999999997,224.70000000000002,330.59999999999997,291.1666666666667,82.20000000000003,346.3,435.7333333333333,133.9,336.6333333333333,167.5666666666667,136.46666666666667,319.1666666666667,365.4666666666667,106.76666666666665,134.96666666666667,560.8333333333334,782.2333333333332,140.26666666666665,200.9666666666667,287.1666666666667,173.93333333333337,334.93333333333334
 Jun 2021,182.20000000000002,172.33333333333334,214.00000000000003,133.56666666666666,131.83333333333334,386.1333333333334,214.33333333333334,435.2,86.7,360.0,224.66666666666666,325.06666666666666,312.3666666666667,83.00000000000001,351.9333333333334,460.40000000000003,138.4,333.4,171.63333333333335,136.96666666666667,324.20000000000005,369.86666666666673,107.93333333333332,140.5,573.0333333333333,778.9666666666667,141.16666666666666,206.80000000000004,287.7333333333333,177.86666666666667,339.6666666666667
 Jul 2021,200.13333333333333,187.23333333333335,237.70000000000005,145.13333333333333,145.93333333333334,426.1333333333334,241.5,472.8,95.33333333333333,393.4666666666667,234.63333333333333,374.29999999999995,326.8,90.23333333333335,393.3333333333334,506.2333333333333,152.60000000000002,363.29999999999995,183.26666666666668,150.13333333333333,348.8,407.90000000000003,120.46666666666665,155.26666666666665,639.8000000000001,861.2666666666668,154.53333333333333,220.66666666666666,311.76666666666665,197.20000000000002,378.59999999999997
 Aug 2021,192.9333333333333,180.63333333333333,225.9666666666667,137.86666666666667,142.4,411.1666666666667,238.66666666666666,459.23333333333335,93.76666666666667,371.4333333333334,215.23333333333335,368.4666666666667,287.6666666666667,91.30000000000001,376.43333333333334,500.4666666666667,146.93333333333334,373.6666666666667,176.13333333333333,148.73333333333332,321.4666666666667,384.6666666666667,116.0,149.13333333333335,607.3333333333334,812.9000000000001,153.29999999999998,203.4666666666667,291.2333333333333,187.9,358.43333333333334
 Sep 2021,186.66666666666666,174.0333333333333,216.70000000000005,126.39999999999998,141.26666666666668,408.03333333333336,243.16666666666666,461.6333333333334,91.43333333333334,360.1333333333334,207.73333333333335,361.2333333333333,244.46666666666667,93.36666666666669,370.70000000000005,488.7,140.46666666666667,356.3,168.79999999999998,146.5,301.3666666666667,357.3666666666666,110.09999999999998,142.4,596.4666666666666,782.4000000000001,150.79999999999998,187.50000000000003,275.8,179.96666666666667,344.59999999999997
 Oct 2021,172.4,161.86666666666665,195.50000000000003,112.09999999999998,131.1,384.6666666666667,232.20000000000002,445.56666666666666,85.23333333333335,332.4,201.4,349.3333333333333,204.9666666666667,87.2666666666667,341.8333333333333,451.90000000000003,126.10000000000002,325.40000000000003,154.60000000000002,140.73333333333332,274.6333333333333,309.4666666666667,98.13333333333333,127.76666666666667,553.5666666666666,698.8000000000001,142.4333333333333,171.23333333333335,249.1,163.43333333333337,307.13333333333327
 Nov 2021,177.5333333333333,165.76666666666665,204.20000000000005,113.53333333333332,131.16666666666666,404.20000000000005,241.5666666666667,474.76666666666665,85.66666666666667,345.93333333333334,249.9,365.43333333333334,224.63333333333335,84.73333333333335,358.8,439.8666666666666,127.56666666666668,306.76666666666665,154.66666666666666,144.26666666666668,287.70000000000005,329.8,100.06666666666666,131.06666666666666,583.6999999999999,733.1666666666666,142.5,187.03333333333333,257.29999999999995,170.26666666666668,322.3
 Dec 2021,166.16666666666666,155.6,191.73333333333338,107.69999999999999,117.53333333333335,382.23333333333335,219.5666666666667,455.8333333333333,79.5,320.59999999999997,245.0666666666667,370.1333333333334,237.63333333333335,72.40000000000002,327.03333333333336,391.3666666666666,117.5666666666667,276.5333333333333,142.13333333333335,134.5666666666667,273.6,336.00000000000006,94.99999999999999,121.3,537.0999999999999,683.5666666666667,131.96666666666667,182.4333333333333,241.73333333333332,160.4,300.8333333333333
 Jan 2022,174.69999999999996,160.89999999999998,208.1666666666667,115.23333333333333,119.93333333333332,403.5333333333333,228.1666666666667,471.3666666666666,83.63333333333334,339.76666666666665,254.0,368.06666666666666,277.4666666666667,71.80000000000003,345.0,406.0333333333333,127.90000000000003,285.3666666666666,147.13333333333335,133.79999999999998,296.93333333333334,377.8333333333333,103.06666666666665,134.56666666666666,562.3333333333333,741.1666666666666,133.0,191.03333333333333,264.96666666666664,173.1,330.3666666666667
 Feb 2022,177.0,160.46666666666667,215.26666666666674,117.39999999999998,122.0,410.7666666666667,231.5666666666667,459.3,86.7,345.3333333333333,219.03333333333333,373.09999999999997,262.06666666666666,72.00000000000001,361.4666666666667,413.8333333333333,132.8666666666667,290.3333333333333,145.4,131.86666666666667,302.1333333333333,384.06666666666666,106.43333333333332,139.93333333333334,577.6666666666666,768.5333333333334,133.69999999999996,178.4666666666667,274.56666666666666,178.76666666666665,342.4333333333334
 Mar 2022,200.4,180.23333333333335,244.70000000000005,136.83333333333334,139.46666666666667,452.1666666666667,262.5,494.76666666666665,99.73333333333335,385.26666666666665,228.70000000000002,411.3999999999999,275.46666666666664,85.36666666666667,418.9333333333334,463.76666666666665,153.23333333333338,350.2333333333333,164.5,149.83333333333334,331.2666666666667,423.26666666666665,121.39999999999998,159.20000000000002,654.1999999999999,879.5,152.5,194.76666666666668,303.8333333333333,202.20000000000002,392.76666666666665
 Apr 2022,191.46666666666667,173.0333333333333,231.60000000000005,133.06666666666666,134.26666666666668,424.9666666666667,246.90000000000006,465.6000000000001,96.10000000000001,361.40000000000003,214.66666666666666,397.96666666666664,272.3333333333333,84.50000000000001,398.5333333333333,425.0333333333333,144.60000000000005,338.2333333333333,157.96666666666667,146.1,308.73333333333335,409.56666666666666,115.86666666666666,148.79999999999998,613.0999999999999,835.5666666666666,148.46666666666667,186.9,281.09999999999997,191.86666666666667,370.0
 May 2022,199.4333333333333,181.5333333333333,239.30000000000004,140.49999999999997,139.4,434.7666666666667,257.86666666666673,482.90000000000003,100.0,372.8,220.79999999999998,414.1666666666667,333.3,86.73333333333335,394.6666666666667,441.40000000000003,151.0666666666667,350.5333333333333,166.1666666666667,152.5,324.8,446.93333333333334,120.39999999999998,155.36666666666667,604.9,867.0333333333334,154.26666666666665,206.70000000000002,288.8,197.20000000000002,385.9666666666667
 Jun 2022,194.73333333333332,177.23333333333332,234.63333333333335,137.1,135.49999999999997,425.4666666666667,252.0333333333334,474.90000000000003,96.39999999999999,364.3999999999999,228.83333333333334,392.76666666666665,373.40000000000003,82.06666666666668,377.09999999999997,441.76666666666665,147.30000000000004,327.4,160.5,146.70000000000002,329.70000000000005,456.9666666666667,116.63333333333333,153.79999999999998,569.7999999999998,852.6,147.0,210.9666666666667,288.63333333333327,192.29999999999998,382.03333333333336
 Jul 2022,201.53333333333333,183.6,242.00000000000003,141.16666666666666,139.79999999999998,438.1000000000001,266.3,497.8333333333333,99.23333333333333,374.3,238.4,403.43333333333334,394.3,83.56666666666668,391.3333333333334,477.0,152.3666666666667,349.0333333333333,167.16666666666666,150.86666666666667,345.7333333333334,478.6333333333334,119.53333333333332,158.4333333333333,583.5666666666666,882.8666666666668,150.89999999999998,222.13333333333335,301.63333333333327,197.26666666666668,397.7333333333333
 Aug 2022,201.9,184.33333333333334,241.43333333333337,139.76666666666665,139.23333333333332,439.20000000000005,268.03333333333336,519.4333333333334,97.89999999999999,373.6666666666667,253.23333333333335,395.6666666666667,406.40000000000003,81.10000000000002,396.93333333333334,486.1666666666667,152.23333333333338,359.9666666666667,169.70000000000002,150.06666666666666,351.0333333333333,479.6000000000001,118.06666666666666,159.70000000000002,583.5666666666666,878.0000000000001,149.36666666666665,228.0666666666667,307.09999999999997,196.20000000000002,398.79999999999995
 Sep 2022,203.26666666666665,185.69999999999996,243.4,139.13333333333333,139.23333333333332,443.1000000000001,275.2333333333334,531.1999999999999,97.23333333333335,372.76666666666665,285.5,385.1666666666667,419.1333333333334,78.60000000000002,400.8333333333333,484.8333333333333,154.8666666666667,377.3666666666666,171.9,152.0,350.0,479.6000000000001,116.69999999999999,162.73333333333335,600.8666666666667,882.5333333333333,148.7,239.80000000000004,305.59999999999997,196.66666666666666,405.96666666666664
