Month,Total,Total_AnnualChange,Skilled,Unskilled,Region_Auckland,Region_Wellington,Region_NorthIslandOth,Region_Canterbury,Region_SouthIslandOth,Accountin_HR_legal_admin,Industry_Construction,Industry_Education,Industry_Healthcare,Industry_Hospitality,Industry_IT,Industry_Manufacturing,Industry_Primary,Industry_Sales,Industry_Other,Occptn_Manager,Occptn_Professionals,Occptn_TechniciansTrades,Occptn_CmmmntyPrsnlSrvcs,Occptn_ClericalAdmin,Occptn_Sales,Occptn_MachineryDrivers,Occptn_Labourers,Skills_HighlySkilled,Skills_Skilled,Skills_Semi_skilled,Skills_LowSkilled,Skills_Unskilled
 May 2007,100,.,100,100,100,100,100,100,100,100,100,100,100,100,100,100,100,100,100,100,100,100,100,100,100,100,100,100,100,100,100,100
 Jun 2007,92,.,91.9,92.6,91.9,93,93.5,94.7,75.1,91.5,92.7,98.5,91.1,86.8,93.5,92.5,65.7,92.6,89.7,91.1,93.2,88.7,89.3,93,96,77.9,88.5,92.2,90,92.7,92.1,94.7
 Jul 2007,95.8,.,95.6,94.7,96.7,94.7,95,99,83.1,93.4,96.7,74.5,102.5,104.3,95.6,95.1,74,102.7,90.1,96.6,93.2,99,109.7,94.9,94.5,94.9,92.3,95,93.3,101.7,94.2,96.4
 Aug 2007,102.2,.,100.6,103.4,101.5,98.4,106.6,108.3,104.8,96.2,107.8,95.5,111.1,129.7,94.7,110.3,89.5,106.5,103,100.1,95.8,114.1,131.5,100.8,100.7,107.1,111.5,97.3,104.9,111.4,102.1,108.2
 Sep 2007,95.1,.,94.3,93.8,93,93.8,100.5,101.4,101.7,84.5,103.1,120.9,98.9,123.7,92.1,108.4,73.3,98.3,83.4,93.3,93.7,102.5,116.8,85.9,93.7,105,108.3,91.3,106.3,94,91.2,102.6
 Oct 2007,99.6,.,100.9,95.7,95.1,98.7,111.8,107.2,112.5,85.5,105,171.7,115.4,128.5,93.6,111.3,89.5,100.7,94.4,100.4,102.5,106,116.4,87.9,94.2,108.9,106.6,96.6,121.7,95.3,92.8,105.8
 Nov 2007,99.5,.,105,88.1,95.4,98.4,114.5,100.8,115.9,87.5,116.7,174.8,106.6,109.8,97.8,111.7,75.1,90.1,94.7,109.6,109,100.1,106.9,81.9,83.6,111,103.1,104.1,124.4,84.8,87.4,90.9
 Dec 2007,69.2,.,75.6,54.9,64.8,67.6,80.3,71,101.8,59,93.3,115.5,70,69.2,69,70.4,46.6,60.1,78.9,74.9,81.2,70.7,62.7,53.6,52.4,65.5,64.6,76.3,84.9,60.1,54.8,55.2
 Jan 2008,101.7,.,102.4,99.9,97.5,96.7,112.3,119,114.3,92.5,127.4,57.3,116.6,134.1,89.2,115,81.2,102.8,108.7,110.4,100.4,108.1,131.3,89.2,96.5,115.2,125.3,106.3,89.4,99.9,97.5,108.2
 Feb 2008,106.5,.,107.3,106.2,102.5,101.1,118.2,121.3,119.8,96.4,135.1,111.1,118,128.8,91.4,123.7,97.5,104.5,98.9,107.8,107.8,113.4,129.1,96,101.6,126.3,137.3,108,102.1,110,103.6,115.3
 Mar 2008,101.1,.,101.7,100.1,97.8,96.3,115.1,111.3,106.6,92.8,127.8,112.9,113,112.8,86.4,119.4,95.7,97.1,95.8,102.1,103,106.9,114.1,91.9,93.6,121.5,124.6,102.5,99.6,100.3,98.4,105.8
 Apr 2008,105.9,.,110.1,100.2,102.9,102.3,116,115.8,113.2,95.7,132.1,113.3,128.5,111.5,96.5,111.9,107.9,101.7,112.3,113,112,110,118.3,95.4,94,111.4,123,112.4,106.1,103.8,98.3,106.6
 May 2008,110.4,10.4,113.9,103.3,107.6,109.9,118.2,116.5,113.5,98.7,136.2,101.1,140.2,110.1,106.7,112.1,110.5,107.4,118.2,110.3,118.3,112.5,125,96.8,103.5,113.8,119.9,116.9,108,106.5,101,111.3
 Jun 2008,102,11,109.2,89.2,98.4,103.1,109.5,109.1,108.8,87.2,135,132.1,128.8,92,100.9,98.4,80.1,95.7,111.5,103.3,116.6,105.7,110.3,87.1,84,91.7,107.4,111.9,108.4,96.7,88.2,92.5
 Jul 2008,107.9,12.6,115.2,96.1,102.9,110.5,113.7,120.1,118.6,95.1,139.7,99.2,141.4,104.7,106.4,101.8,119.5,98.5,133.1,111.3,120.8,111.9,135,91.7,91.1,100.9,121.4,120.7,98.6,108.7,93.7,104.2
 Aug 2008,97.3,-4.8,104.3,86.4,91.9,94.5,112.6,107.1,119.6,80.3,132.7,109.9,132.8,105.4,91.1,94,115.9,88.3,126.8,99.9,109,107.9,136.2,77.4,83.4,98.4,104.5,107.2,96.4,100.1,84.1,94.3
 Sep 2008,99,4.1,107.8,84.1,88.4,100.1,124.8,113.6,130.3,77.9,138.5,149.7,131.3,125.6,89.4,95.9,127.4,88.1,121.4,100.9,114.2,113.9,129.7,73.6,80.5,104.3,114.5,107.7,113,101.4,80.1,98.1
 Oct 2008,90.4,-9.2,100.2,75.1,78.4,90.8,119.5,107.9,127.6,67.2,123.4,194.4,132.7,105.9,81,91.9,96.4,77.4,113.8,92.6,109.5,98.6,123.3,63.4,71.3,99.5,104.5,98.9,114.9,88.1,71.2,88.4
 Nov 2008,74.8,-24.8,85.7,56.1,63.4,76.3,103.7,87,112.1,54.7,102.9,173.6,124.7,73.1,68.7,69.7,92.4,60.3,101.5,78.9,95.9,79.4,90.1,51,51.7,70.5,73.2,86.3,97.6,67.2,54.4,62.1
 Dec 2008,53.4,-22.8,60.9,39.3,45.4,54.3,72.4,64.8,75.5,40,81.6,94,97,58.9,45.6,50.7,67.1,42.6,57.3,56.6,68.4,55.4,68.7,35.4,33.3,54.5,55.1,63.6,61.5,46.4,38.8,41.1
 Jan 2009,66.1,-35,71.1,58.5,53.6,69.9,93.8,80.9,103.8,48.6,86.7,111.2,129.9,84.5,52.8,65.8,76.9,60.3,89.3,66.7,77.2,70.3,100.4,47.6,55.3,70.4,87.8,73,71.8,61,55,70.6
 Feb 2009,57.9,-45.6,62,51.9,47.4,61.8,79.6,71.5,86.9,42,72.3,103.1,120.5,78.7,46.6,56.4,65,54.9,68.3,58.7,66.8,60.5,98.2,39.5,51.4,60,87.8,63,63.1,55.7,47.9,66.1
 Mar 2009,57.8,-42.9,63.5,50.3,47.4,57.7,82.7,73.6,91.7,40.3,72.1,134,124.8,72.9,45.4,53.9,65.7,53.3,70.5,61.8,69,60,94.4,38.8,51.4,57.7,71.6,63.7,69.2,55.5,47.9,58.8
 Apr 2009,51.2,-51.7,55.7,44.4,42.9,48.5,75.2,62.5,82.4,36.1,62.3,109.8,112.1,56.5,38.6,48.1,56,52.2,64.3,55.5,58.9,54.5,81.2,33.3,48.8,52.6,64.5,56.4,55.4,52.7,40.8,56.8
 May 2009,55.3,-49.9,60.8,47,45.1,54.9,81.8,71.4,81.4,39.9,65.1,126.8,121.8,58.2,41.8,49.7,67.9,55.5,69.8,55.9,66.7,57.1,86.8,35.8,51.5,50.9,75.6,61.3,62.8,55.7,42.2,63.6
 Jun 2009,51.9,-49.2,56.7,43.6,43.1,51.1,73,67.1,79.1,35.3,58.8,125.3,120.6,55.7,40.4,44,59.6,54,70,52.1,61.6,53.3,84.8,33.2,50.5,42.1,67.1,57.4,56.8,53.3,39.4,58.3
 Jul 2009,53.8,-50.2,58,47.3,45.4,51,75.7,69.8,81.2,35.4,60.7,96.4,121.8,68.5,42,47.2,68.2,61,77.3,61.3,59.2,59.7,92.1,34,53.9,47.6,74.1,59,55,56.7,42.9,62.7
 Aug 2009,53.4,-45.2,56.4,49.2,43.6,48.9,79.5,72.5,90.6,33.6,60.8,115.7,109.7,78.1,41.5,53.6,57.4,60.8,65.2,59.4,57.6,59.3,97.9,33.2,55.7,51.1,78.1,55.6,60.9,54.5,44.6,65
 Sep 2009,58.9,-40.5,63.3,54,49.1,50.6,88.5,79.2,104.5,36.2,70.3,158,121.7,95,38.9,60,54.9,64.8,74.6,66.7,64.1,66.5,103.3,35.2,62.9,72,86.5,59.1,82.2,59.7,47.6,76.5
 Oct 2009,61,-32.5,67.1,52.8,49.2,53,94.2,83.9,116.9,36.4,66.9,210.2,118.7,95.5,41.5,57.2,69.3,68.3,75.3,68,70.2,68.8,105.1,34.2,61.9,68.9,83.5,60.1,98.6,61.4,45.9,76.6
 Nov 2009,55.3,-26,60.2,49.5,44.1,50,90.9,70,99.8,33.4,58.3,177.2,106.2,76.5,41,60,62.1,61.8,69.5,60.5,63.6,59.9,87.2,34.2,54.6,67.8,83.5,55.5,83.7,53.7,45.2,64.3
 Dec 2009,40.9,-23.5,45.2,34.9,32.8,36.9,62.9,55.3,74.3,27,44.5,92.3,90.3,59.3,30.8,41,42.2,43.2,54.9,46.8,47.1,44.4,67.5,27.5,35.9,46.5,44,44.8,50.3,40.4,33.2,40.8
 Jan 2010,59.6,-9.9,60.9,61.7,49.7,50.6,92.1,78.1,105.3,38,68.1,99.4,117.9,96.9,37.6,66.1,78.3,76.5,75.5,66.6,58.5,69.1,116.2,42.2,68.2,79.3,87.3,58.3,68.2,64.6,55.8,81.9
 Feb 2010,61.1,5.6,61.7,64.1,50.8,56.7,92.1,78.1,96.3,40.9,69.3,107.1,114.8,97.8,41.7,71.7,78,73,73,63.8,59.9,72.1,110.9,45.4,67.6,83,105,59.1,67.6,67.1,58,85.5
 Mar 2010,71.9,24.5,74.3,72,60.3,66.7,106.4,89.8,116.8,48,79.9,133.6,132.9,98.8,55.5,85.2,85.2,86,76.5,75.9,73.1,82.1,124,53.3,77.1,97.5,110.2,71.5,82,78,65.8,93.7
 Apr 2010,63.9,24.8,66.6,63.5,54.6,61.4,91.9,76.6,93.4,43.4,71.8,92.1,117.7,82.4,51.6,74.9,83.8,77,74.5,71.1,65.5,72,105.8,45.3,70.3,87.5,95.2,66.6,65.9,67.5,59.2,78.7
 May 2010,69,24.9,73.6,65.5,58.3,67.5,103.2,78.5,103,46.8,78.7,135.7,127.4,85,58,74.4,81.6,78.3,74.7,73.6,76,77.9,109.8,48.5,71,84.3,91.2,72.1,80.4,72.4,60.8,81.5
 Jun 2010,68.1,31.4,73.4,64.4,59.1,65.2,94.6,86.2,87,47,77.1,128.2,118.1,78.1,60,74.1,82.3,78.7,70.9,73.8,74.6,78.8,104.1,49.4,71.5,81,86,72.6,74.6,75.6,59,83.1
 Jul 2010,72.3,34.5,76.4,69.2,62.4,66.9,107.3,85.8,104,48.2,83.7,88.9,120.5,92,68.3,83.6,101.8,82.7,91.1,79.3,76.1,84.1,119.9,50.6,75.4,97.4,91.7,77,70.6,80.7,63.7,88.5
 Aug 2010,73.2,37.2,76.8,72.3,61.2,66.3,112.6,89.4,121,46.6,84.8,100.5,124.9,103.5,68.1,79.7,119.1,81.9,104.1,77,76,86.8,135,51.4,74.9,113.2,108.1,75.2,79.1,81.6,67,90.4
 Sep 2010,72.4,22.9,77.3,69.6,60.2,67,116.8,85,109.9,45.6,86.9,123.5,119.5,105.5,67.3,78.7,109.7,78.8,90.2,78.9,77.6,88.8,125.2,48.1,72.6,102.8,109.3,74.4,86.9,79.8,63.7,89.9
 Oct 2010,73.5,20.4,78,70.4,60.1,65,118.8,94.1,120.6,44,87.1,171.4,112.5,117.1,65.2,86.6,126.4,77.1,87.1,76,79.8,87.1,122.5,48.2,70.8,121.5,122.4,72,102,77.3,63.1,95.9
 Nov 2010,71.9,29.9,78.1,66.8,60.2,62.6,114.4,87.5,120.6,44.1,85.5,167.2,108.7,102.1,65.8,86.5,112.6,73.7,90.4,83,77.3,90.2,105.9,48.1,65.9,118.7,106.1,72.9,98,78,62.5,81.7
 Dec 2010,52.9,29.5,58.2,47.3,44,46.6,81.7,66.4,92.6,32.7,67.4,90.5,88.5,67.9,52.6,59.7,100,54.1,57.8,62.1,58.2,65.3,76.4,35.4,45.4,84,72.9,57.8,62.8,54.3,44.3,57.7
 Jan 2011,72.8,22.1,75.2,75.7,59.9,65.6,114.9,91.8,120.4,46.7,88.2,93.8,108.4,120.3,59.8,88,123.8,86.2,91.4,84.6,69,94.1,128.8,52.3,79.1,113.6,126.6,71.9,79.8,85.8,67.8,102.9
 Feb 2011,74.9,22.5,78.5,76.6,63.8,70.5,117.4,79.1,117,48.5,89.6,91.4,116.7,115,71.8,83,150.9,82,92.1,81,75,95.2,137.3,53.2,79,118.9,135.4,75.4,84.1,86.9,68.9,103.5
 Mar 2011,85.8,19.4,91.6,86.3,71.3,79.9,133.2,103.9,136.6,55.1,114.7,113.4,128.6,119.8,78.5,109.7,167.9,87.8,102,94.6,86,117.7,152.5,60.2,84.5,144.6,166.4,87.2,94,110.2,78.6,113.1
 Apr 2011,77.1,20.8,84.9,79,64,68,117.5,106.4,118.6,52.1,96.5,92.6,121.9,93.2,74.3,90,138.6,83.2,89.1,87.9,81.6,102.7,122.1,58.6,82.6,120.2,129.3,83.1,81.3,98.6,73.6,97.5
 May 2011,86.5,25.3,92.8,85,72.9,75.1,129.3,121.9,124.8,58.7,111.8,106.1,136.9,111.5,81,102,149.8,92.2,96.5,88.6,90.4,116.2,144.1,63.4,89.6,121.6,153.5,89.2,90.6,113.6,79.7,106.7
 Jun 2011,82.3,20.7,87.8,82.2,68.8,71.7,119.7,122,120.2,55.3,110.6,92.2,124.9,106.8,76,93,152,88.4,102.5,90,81.4,115.8,144.7,60.9,85.9,126.9,135.8,83.4,86.4,111.7,77,103.5
 Jul 2011,84.7,17.2,92.4,81.6,71.4,73.5,124.3,122.4,123.2,57.1,111.8,86.9,134.8,120.6,78.5,99.6,175.8,85.9,108,91.8,88,120.8,156.5,63.6,77.1,128.6,124.9,89.4,85.8,115.5,78.3,97
 Aug 2011,88.4,20.8,94.4,92,73.1,73,130.9,136.5,142.3,57.8,118.5,102.7,132.6,136.7,74.2,113.7,172.6,96.7,102.8,97.2,88,124.4,168.2,65.7,90.6,158.9,148.5,89.6,93.4,120.1,86.8,113.7
 Sep 2011,86.1,18.8,91.6,87.9,68,71.8,133.3,139,146.2,52.9,115.3,118.8,129.3,120.1,76.1,112.8,179.8,93,108.7,91.2,86,123.4,153.1,60.8,87.2,163,156,84.7,99,117,81.9,111.7
 Oct 2011,79.3,8,85.5,79.9,62.8,63.8,123,127.7,145.4,47.2,108.1,145.6,119.5,116.3,65.8,106.4,177.6,82.2,98.2,86.5,81.1,116.7,140.4,52.5,75.8,151.6,160.3,76.4,105.1,106.4,72.8,107.2
 Nov 2011,79,9.9,87.4,74.3,60.6,67.9,122.1,127.2,149.4,47.5,106.1,150.8,121.4,101.6,70.9,101.7,171.1,77.1,109.3,87.4,84.7,112.5,134,52.2,68.4,148.7,142.1,80.2,104.9,101.6,69.4,94.2
 Dec 2011,56.4,6.5,63.2,49.7,42.6,47.7,87,95,110.1,34.9,76.6,76,87.7,76.2,55.7,62.1,141.2,56,73.1,64.4,62,80.8,87.9,35.4,46.1,94.7,93.9,61.2,63.7,72.2,47.2,60
 Jan 2012,79.3,9,82.2,83.6,60.2,65.5,122.9,136.3,152.5,51.6,108.3,84.3,120.1,127.1,61.8,98.4,181.9,86.3,110.5,82.5,75.4,115.4,162.9,57.6,76.3,147.7,159,76.2,86,108.2,77.1,108.2
 Feb 2012,84.4,12.7,86.7,90.4,65.7,70,132.5,142.5,139.7,53,118.2,97.4,130.4,121.6,72.2,115.7,196,88.4,96,85.2,80.6,122.8,162.2,61.6,81.4,166.3,180.3,80,92.2,113.4,82.6,120.4
 Mar 2012,90.5,5.4,95.2,93.4,69.3,72.3,141.1,160.1,164.5,59.8,131.9,96.7,143.2,120.1,76.6,112.8,177.6,93.8,105.2,93.5,87.6,130.6,174.4,70,85.4,162.7,170.9,87.8,97.9,129.7,87.2,117.9
 Apr 2012,78.7,2.1,83.5,79.7,61.2,65.2,118.3,137.9,135.3,51.4,123.4,80.4,114.4,97.8,67.5,98,175.5,78.9,96.7,79.3,78.1,117.7,140,57.8,74,145.5,151.2,77.1,84.3,115.1,73.2,103.8
 May 2012,96.7,11.8,101.6,99.3,76.3,81,141.9,165.2,166.3,65.7,144.3,91.1,150.5,116.4,79.9,121.7,223.1,99.8,109.6,103.2,92.6,144.2,164.9,74.4,91.7,169,179.8,94.5,98.5,142,92.8,124.2
 Jun 2012,87.9,6.9,93.2,88.7,71,71.1,128.5,148.4,148.3,57.3,133.4,86.1,153.4,102.3,72.3,103.8,210.5,90,104.7,95,86.5,125.5,152.5,64.8,85.2,150.6,166.4,87.7,93.9,120.2,82.6,113.1
 Jul 2012,91.8,8.3,95.6,96.2,72.8,73.5,134.8,161.7,158.7,58.2,136.8,91.1,154.9,118.8,75.1,115.7,205.8,97.4,104.6,95,88.1,134.7,179,66.1,90.6,165,188.9,89.3,97.5,125,88.5,126
 Aug 2012,95.6,8.1,100,98.1,73.4,77.7,144.5,171.7,170.7,59.8,153.4,86,157.5,128.9,78.5,115.2,237.9,97.4,104.2,98.8,90.6,149,185.1,67.1,90.2,175.8,201.1,92.5,98.8,140.1,89.7,130.8
 Sep 2012,89.4,3.9,94,92,68,72.5,134.1,164.9,164,52.4,144.3,112.1,144.4,133.4,69.5,110.5,196.8,90.8,109.5,91.5,84.3,142.9,195.5,60.3,83.4,173.1,187.3,82.8,105.5,136.5,83.7,123.7
 Oct 2012,90.4,14,95.5,92.1,68.5,73.4,138.1,164.7,166.2,50.3,150.9,152.9,136.8,146.4,67.8,120.7,187,87.7,103,91.3,87.1,149.1,178.3,57.4,82.7,185.8,208.4,81.7,119.9,134.6,83.5,125.2
 Nov 2012,82.9,5,87.6,83,63.2,67.2,131.3,145.7,145.7,47.6,142,104.5,130.4,116.6,62.6,115.7,194.6,78.4,105.1,85.9,78.9,135.1,143.2,56.2,72.8,178.4,176.8,78.9,92.6,125.4,77.4,104.8
 Dec 2012,56.5,0.2,61.9,52.6,42.4,43,93.2,99.5,110.8,32.9,99.3,73.7,92,87.6,40.8,73.2,124.5,51.2,71.2,65.1,55.1,93.9,111.3,35.2,46.3,107.5,102.7,55.9,64.9,88.8,49.8,63.8
 Jan 2013,89.2,12.5,90,97.3,67.5,66.1,144.9,163.2,170.2,51,153.6,87.9,137.5,143.6,59.2,127.3,207.9,92.9,110.7,91.1,77.1,147.1,194.1,60.7,87.8,191.4,204.5,79.6,91.5,141.2,88.2,131.4
 Feb 2013,86.8,2.8,87.4,97,66.4,66,138.5,159.4,152.1,51.8,151.7,88.3,130.9,123.9,57.9,125.3,196.8,89.3,103.8,83.9,74.8,145.5,186.6,61.3,88.3,202.7,199.5,75.5,93.5,140.6,89.4,126.4
 Mar 2013,93.2,3,95.6,99.3,72.9,71.7,148.7,162.4,158.8,56.1,160,104.3,148,131.9,63.2,132.3,184.1,94.3,111,95.1,84.3,148.8,167.7,66.1,88.9,200.4,224.4,85.2,100.4,142.6,90.2,134.5
 Apr 2013,91.6,16.4,94.4,98.4,72.7,70.5,139.2,166.3,146.5,57.4,151.1,80,143.1,124.4,65.1,130.8,211.6,94.8,108.7,95.7,82.6,145,168.7,65.8,89.5,201.7,211.5,85.6,95.4,138.2,90,131.3
 May 2013,102.4,5.9,106.5,107.5,81,82.8,158.7,177.5,157.4,66.4,170.7,110.7,161.9,127.8,74.2,140.3,209,100.2,123.8,105.8,93.1,164.3,191.1,76.3,94.1,211,232.9,95.6,106.7,161.6,99,141.3
 Jun 2013,90.4,2.9,94.1,93.7,74.7,68.4,137,153.1,137.1,55.2,154.3,104.3,141.3,123.3,64.2,122.9,200.7,90.7,104.4,93.9,82.2,146.6,175.4,63.7,84.3,179.5,209.5,83.6,100.4,139.8,86.2,123.2
 Jul 2013,104,13.3,106.5,111.3,84.8,78.4,152.3,185.3,169.4,61.7,176.7,109.5,163.9,152.1,74.3,146.1,216.6,103.3,126.3,108.6,90.6,169,220.9,73.3,95.1,228.1,252.3,93.6,114.9,161.9,102.9,144.4
 Aug 2013,101.9,6.6,104.1,108.7,80.8,75.1,158.2,183.1,176.3,58,183.3,96.5,151.9,156.4,71.9,140,228.9,103.7,116.6,105.1,86.6,177,215.4,68.7,95.7,223.6,247.6,89.9,112,166.3,98.4,148
 Sep 2013,100.1,11.9,103.3,105,76.9,75.4,159.1,180.5,184.7,53.8,185,123.7,137.5,162.9,68.6,141.2,211.6,100.5,119.6,108,84.8,174.1,216.8,64.3,91,236.6,238.7,87.4,121.2,161.3,95.4,141.9
 Oct 2013,101.3,12,103,110.5,77.7,76.4,157.3,185.3,193.6,53.3,188.6,164.1,132.3,166.7,68.5,144.9,219.9,100.5,107.9,103.5,88.9,171.9,201.8,62.4,98.2,255.8,264.1,86,129.3,156.1,98.4,156.3
 Nov 2013,94.6,14,97.3,100.4,72.1,72.7,149.3,167,186.2,52.5,168.9,153.1,128.1,142.5,64.1,135.3,198.6,93.1,114.4,102.5,84,149.7,173.9,61.6,87.6,232.4,242.6,84.6,117.3,135.9,90,139.2
 Dec 2013,66.3,17.4,70.6,65.7,50.1,48.9,102.1,126.6,133.1,36.7,130,80,94.9,102.8,46.1,87.3,163.2,61.6,69.1,74.7,60.5,116.8,132.7,40.6,55.3,151.2,144.7,63,78.5,99.6,62.1,80.1
 Jan 2014,109.5,22.7,109.4,122.7,83.2,80.5,174.4,199.2,220.8,62.1,205.6,104.9,152.4,181.4,65.6,160.9,243.3,113.5,124.5,118.6,83.6,203.4,245.5,75.2,102.9,266,286.3,91,122.2,187.2,111.5,165.6
 Feb 2014,102.4,18,101,118.4,79.9,76.1,162.9,182.7,181.8,58.5,195.4,94.3,134.4,175.4,63.3,158.5,231.4,103.8,97.6,105.7,79.5,186.2,214,69.4,99.1,269.7,297.5,84,116.3,168.6,106,165.1
 Mar 2014,109.6,17.6,108.7,125.5,86.6,80.4,169.9,196.2,197.1,62.9,204.5,114,147.2,172.4,69.2,176.4,243.7,107.6,118.3,114.7,88.2,184.4,231.9,76.2,100.2,290,326.1,92.8,121.3,173.9,112.7,173.8
 Apr 2014,100,9.1,100.2,113.2,81.1,70.6,152.7,177.5,176.9,57.5,192.1,94.1,142.2,149,62.9,146.2,239.7,101.1,100.2,104.5,81.5,176.7,198.5,68.7,96.2,237.4,294.1,86.8,104.7,163,101.3,158.6
 May 2014,116.8,14,117.3,129.8,94.9,81.8,175.1,210.8,208.1,69.2,230.1,118.5,165.4,155.5,73,170.2,249.5,114.2,120.9,120.2,96.7,203.9,216.2,83.3,110.2,268.1,328.1,101.1,128.2,186.7,117.3,177.2
 Jun 2014,108.8,20.4,111.7,116.6,90.5,76,162.4,189.6,185.9,62.9,211.4,128.5,144.4,149.3,72.1,150.8,240.1,109.5,110.7,115.9,92.2,190.2,215.9,76.5,101,233.2,271,95.1,126.6,177.7,106.8,154
 Jul 2014,114.5,10.1,114.7,126.6,92.3,77.8,173.6,208.5,217.8,63.9,219.9,99.9,158.9,172.8,75.3,163.8,284.5,118.8,117.5,121.9,94.2,198.2,223.8,78.4,109.9,270,293.2,101.1,118.2,179.8,115.1,171.8
 Aug 2014,110.5,8.5,113.8,117.2,88,78.5,166,199.7,215.5,58.9,210.2,118,157.5,177.6,75,153.1,252.7,111.4,127.5,121.1,93.5,192.1,245,68.3,100,257.7,290.2,98.4,127.4,175.4,104.1,165.8
 Sep 2014,117,16.9,118.2,128.5,92,80.5,181.3,213.3,235.8,60.5,231.1,143.3,156,206.3,74.2,168.3,258.8,117.5,116.6,124.9,95.8,212.9,244.8,72,108,299.5,323.5,98.6,142,187.6,114.4,182.2
 Oct 2014,113.2,11.7,113.6,124.3,88.4,76.4,177.4,212.9,223,58,222.1,176.2,146.3,193,71.7,176.1,226,109.7,107.5,116.9,95.7,201.3,224.9,66.9,100,305.3,331.7,94.2,146.4,170.4,109.5,179.5
 Nov 2014,98.1,3.8,102.1,101.9,77.8,66.9,152.9,177.3,194.1,52.4,190.5,161.2,135.4,154.6,61.9,150.1,182.7,91.3,101.7,106.2,87.3,170.7,179,60.3,80.5,246.7,279.1,87.3,124.8,148.2,91.5,141.4
 Dec 2014,76.4,15.1,80.6,77.2,58.8,51.2,124.2,143.3,150.8,41.5,159.1,99.3,107.9,122.2,49.4,106.2,171.1,69,62.7,88.2,67.5,140.5,139.2,45.3,61.9,183.7,194.7,71.1,89,118.2,70.8,101.7
 Jan 2015,111.2,1.6,110.4,126.8,86.3,74.3,180.7,201.1,230.3,60.3,219.9,123.6,147.4,200.3,60.8,174,224.2,111.7,118.2,124.4,84.7,204.8,240.5,70,106.7,286.3,325.3,93.1,123.2,182.3,112.7,178.6
 Feb 2015,107.2,4.7,106.4,122.9,87.3,69.6,169.4,185.8,210,60.3,214.5,134.8,144.9,183.8,57.1,169.5,222.7,103.2,102.2,112.2,83.5,194.4,234.5,71.3,97.6,285.4,327.6,88.5,120.7,179.3,110.2,170.5
 Mar 2015,118.9,8.5,118.7,134,97.6,80.5,184.1,205.9,215.8,71.4,227.2,146.6,170.6,191.4,66.2,184.4,250.5,110.3,119.2,125,95.4,209.5,249.9,83.4,107.6,292.5,333.7,100.2,136,191.3,122.2,179.3
 Apr 2015,105.4,5.4,108,114.3,87.9,70.1,161,178.9,195.5,65,201.5,120.6,154.1,154.6,61.5,150,220.6,103.3,96.8,114.1,87.5,187.2,212.2,72.1,98.3,237,281.1,92.2,120.6,173,103.9,153.7
 May 2015,114.2,-2.2,117.6,119.8,97.9,77.2,167.8,191.9,193.6,69.7,213.9,145.7,168.5,151.4,70.9,165.2,220.9,110.6,117.2,125.2,97.2,192.5,223.6,79.7,103.1,245.7,279.6,102.1,131.1,179.8,109.5,160.2
 Jun 2015,112.3,3.2,115.4,118.9,96,75,168.2,191.6,182.7,65.8,215.8,166.8,160.1,152.6,62.4,161.9,226.4,113.3,117.7,124,94.8,192.4,224.9,77.2,99.6,248.5,279.3,98.7,133.4,177.7,108.4,158.7
 Jul 2015,119.2,4.1,119.8,130,101.6,76.3,182.2,199.2,214.4,72.9,233.3,115.3,168.1,177.9,65.4,166.8,256,120.3,128.5,132.8,93.3,210.9,238.3,86.8,107.9,271.1,291.4,101.8,135.5,191.3,120.2,168
 Aug 2015,111.1,0.5,112.6,120.9,95.5,68.4,167.7,184.1,210.7,65.8,215.7,120.9,155.9,189.5,58.1,157.4,216.6,112.6,119.6,117.6,86.9,207.8,232.5,77.9,102.4,251.4,298.1,91.6,134,192.5,108.2,168.7
 Sep 2015,117.7,0.6,117,132.4,99.6,76.4,183,185.2,231.7,67.7,226.9,171.2,166,204.8,61.9,178.4,201.8,113.4,117.2,125.2,94.2,200.4,240.6,79.1,112.8,289.5,346.5,97.2,146.1,180.4,117.1,190.4
 Oct 2015,118,4.2,119.2,128,98.7,75.6,183.9,189.9,243.1,65.4,236.6,186.9,156.9,195.9,58.9,185.9,233.6,112.3,125,119,96.8,217.8,226.1,75.2,106.8,300.9,343.9,94.9,157.7,194.4,111.3,189.3
 Nov 2015,108.5,10.6,111.6,114.5,92.2,70.1,169.2,170.8,211,62.3,210.3,173.3,145.2,174.5,60.8,167,211.9,101.4,109.3,115.9,92.4,192.9,200.2,69.9,95.7,259.6,304.5,92.8,143.3,167.1,101.6,163
 Dec 2015,81.2,6.3,83.6,83.7,64.8,55.2,127.8,136.1,176,46.2,168,109.2,122.3,137.2,40.3,123.1,159.9,70.6,85.4,91,67.8,144.3,156.3,52.1,62.4,199.7,229,71.7,96,128.7,76.2,112.4
 Jan 2016,117.6,5.7,116.2,133,99.1,76.2,186,183.5,233.5,67.8,236.1,127.2,153.5,218,56.5,172.6,252.7,117.7,129.4,125.2,86.5,225.1,258.3,79.4,111,285.4,337.4,94.1,135,205.6,118.3,187.1
 Feb 2016,117,9.1,115.9,131.6,99.3,78.5,184.5,178.4,218.7,68.4,241.3,142.4,146.6,202,57.5,181.3,224.9,112.8,111.4,124.8,88.5,217.5,234.5,80.3,105.3,298.8,351,95.4,133,199.3,117.9,182.8
 Mar 2016,124.3,4.5,124.1,138.2,107.1,83.7,193.7,183.7,229.3,76.2,251.6,165.8,161.8,190.6,59.6,188.9,240.1,117.5,131.8,133.4,94.6,234.9,238.9,87.1,108.2,300.9,385,101.5,146.6,211.4,122.9,195.2
 Apr 2016,119.7,13.5,120.5,130.2,103,79.4,188.7,174.7,229.3,71.9,237.6,154.5,175.1,176.7,60,188.5,227.1,110.5,129.2,127.8,95.2,216.7,227.1,83.5,99.6,301.2,348,100.2,138.7,201.1,116.4,182.2
 May 2016,132.7,16.2,132.5,146.3,116.8,87.7,209,187.2,236.1,82,271.7,155.3,174.5,190.4,69.2,201.3,271.8,123.2,137.3,145.7,101.7,237.6,259.5,92.2,116.6,318.9,413.5,111.7,149.7,217.2,130,207.2
 Jun 2016,124.1,10.4,126.2,134.1,109.1,81.9,195.2,175.3,222.1,77.1,256.6,146.7,159.3,183.4,63.8,183.3,249.5,115.7,128,134.1,97.7,233.6,241.4,87.1,104,293,361.6,104.1,146,214.2,120.2,185.9
 Jul 2016,126,5.7,127.3,137.7,108.3,81.7,209,178.9,233.5,76.2,251.2,142.9,170.2,209.7,64.3,181.3,274,121.5,133.9,138.3,96.2,236.9,256.4,89.6,107.5,296.7,363.9,104.4,149.1,216.5,124.5,187.4
 Aug 2016,137.2,23.5,135.5,154.2,118.4,88.1,221.7,191.6,276.5,78.1,274.3,152.6,181.7,247.3,67.2,214.8,284.8,135,148.5,148.3,101.4,260.4,277.7,91.5,122.3,362.5,407.9,110.4,156.9,236.5,136.6,219.8
 Sep 2016,133.2,13.2,132.3,148,111.3,85,224.1,192.9,279.9,72.7,266.7,186,176,240.9,62.4,209.3,287.7,129.2,155.9,141.6,101.9,244.7,275,85.5,120.4,358.9,394.5,105.5,172.4,218.1,130.5,213.2
 Oct 2016,126.6,7.3,125.5,141.3,107.1,83,208.8,180.6,254.1,66.5,255.2,206,160.7,235.4,59.1,202.8,264.6,120.5,147.2,132.7,97.9,234.7,240.9,77.2,115.7,356.1,404.3,98,173.2,205.2,120.5,216.2
 Nov 2016,125.3,15.4,124.9,138.2,108.8,74.8,209.2,169.5,265.5,68.1,256.1,201.5,163.9,205.1,58.5,209.8,261.4,113.9,146.9,134,99.2,225.6,224.3,80.6,107,354.1,385.7,101.1,160,201.6,122.2,197.8
 Dec 2016,90.6,11.7,92.2,95.7,74.4,55.8,158.6,127,211.3,49.2,188.8,129.9,129.6,157.2,38.2,142.4,189.5,80.5,123.2,105.6,71.4,165.2,168.4,56.5,70.8,256.2,256.9,76.4,116.4,141.7,87.5,126.9
 Jan 2017,130.4,10.9,125.3,153.6,109,81.7,222,182.5,288.9,69.5,265.1,157.9,165.2,240.3,50.3,222.5,281.9,126,203.6,137.1,92.2,246.7,274.4,87.1,118.2,373.9,430.8,99.8,154.2,218.9,135.5,221.4
 Feb 2017,131.3,12.2,126.1,155.1,112.4,82.8,225.3,172.5,271.9,72.9,272.8,161.9,169.4,213.2,50.6,232,276.2,122.5,189.6,138.4,93.3,244.2,255.9,89.3,118.6,393.3,438.9,101.1,151.5,221.7,136.5,225.3
 Mar 2017,150.3,21,145.7,173.8,127,97.4,254.8,200.8,323.3,84,303.4,181.3,205.2,245.8,62.4,257.6,319.1,140.4,219.2,160.2,108,271.4,300.9,104.9,134.4,424.6,491.8,117.4,178.5,248.6,154.5,247.2
 Apr 2017,119.5,-0.2,117.3,135.5,102,75.4,197.8,168.9,243.9,66,253.5,120.9,162,186.8,48.8,203.8,281.2,110.9,170.3,129.5,87.9,224.5,225.9,77.1,106.9,335.4,393.8,96.7,132.3,203.7,119.9,194.2
 May 2017,152.8,15.2,150.1,174.2,131.2,97.3,259,207.8,300.1,86.1,315.6,203.6,195.2,227.1,59.8,266.8,347.3,140.9,233.6,161.5,113.5,284.2,292.7,104.4,132.9,432.4,490.4,120.8,179.2,263.2,155.8,243.1
 Jun 2017,139.2,12.2,135.7,158.9,117.6,90.2,234,193.3,286.9,77.8,287.4,167.3,173.3,206.6,56.9,244.3,306.1,129.8,225,144.9,102.8,257,253.4,94.5,123.4,402.7,457.1,110,159.8,236.6,140.6,227.8
 Jul 2017,138.2,9.7,134.5,159.8,115.4,89.4,237.7,185.9,305,75.1,288.5,139.3,190.4,210.1,58.8,239.7,340.4,124.5,226.4,145.3,102.7,252.7,271,89.4,127.2,397.6,469.5,112.7,149.9,226.9,141.9,229.2
 Aug 2017,150.9,10.1,145.3,175.4,122.3,98.9,261.5,210.3,352.4,79.3,310.1,181.3,189.6,253.4,64.4,270.4,387.4,137.8,239.1,163.3,109.9,271.4,290.6,94.1,135.3,461.6,523.5,120.1,169.9,243.1,154.1,256
 Sep 2017,137.1,2.9,131.5,159.8,107.7,89.3,246.2,192.8,339.1,69.9,281.4,212.9,187.2,231.8,52.9,258.8,332.9,118.6,205,138.6,103.1,240.6,267.1,83.5,121.2,446.8,490,105.3,168.5,218.3,140.6,233.4
 Oct 2017,140.9,11.3,134.4,167.1,112.5,89.9,252.5,190.9,352.5,69.2,292.7,223.9,183.5,243.9,53.7,280.9,338.6,119.3,219.4,146.3,104.4,251.6,267.2,80.2,122.8,484.5,545.3,107.4,174.6,220.8,144.7,250.7
 Nov 2017,134.3,7.2,129.5,155.8,106.6,84.6,240.7,184,346,67.8,273.1,202,180.6,237.3,55.7,254.4,322.7,113.3,212,139.3,101.4,240.2,241.6,82.1,114.6,444,480.9,106,157.9,213.2,136.8,228.6
 Dec 2017,92.9,2.6,91.8,103.2,70,54.6,178.3,136,255.5,48.7,199.3,106.7,135.7,169,35.1,173.1,222.7,76.1,129.5,107.4,67.6,175.2,169.2,55.7,71.4,295.6,333.1,76.5,105.2,152.7,92.4,146.7
 Jan 2018,144.2,10.6,134.7,173.8,112.5,93.8,266.9,200.1,351.7,73.1,297.1,149,195.9,269.7,54,276.8,332.9,134.2,214.6,153.6,96.7,266.8,300.6,86.5,135.9,461.5,537.6,109.3,155.8,237.8,151.5,259.3
 Feb 2018,139.7,6.4,130.3,170.1,114.2,84.4,261.7,181.9,321.5,74.7,283.6,164.8,195,242.8,56.3,265.9,337.9,124.7,187.8,142.9,96.7,248.5,285.7,91.3,125.9,437.9,547.3,106.2,155.2,221.9,148.6,253.8
 Mar 2018,149.1,-0.8,140.1,177.5,120,96.9,276.6,193,345.3,82.5,294.7,176.8,213.1,254.1,61,280,327.4,130.1,229.3,155.4,106.9,257.7,297,98.1,130.6,445.9,561.1,116.5,162.4,232.5,155.4,264.3
 Apr 2018,140.8,17.9,134,166.3,113,90.4,260.8,188.6,320.5,77.7,286,176.2,204.8,224.1,55.3,253.1,340.8,127.2,195.2,150.1,101.1,249.8,271.6,92.8,122.9,417.5,520.8,110.6,155.8,225.9,146.1,244.5
 May 2018,158.5,3.8,152.8,182.8,127.7,104.8,291.8,208.1,354.3,89.4,315.4,178.5,237.9,233.3,68.5,279.8,367.5,141.5,247.3,167.6,117,280.3,309.7,106.4,139.1,447.1,552.1,128.2,172.4,253.4,162.8,263.7
 Jun 2018,141.9,2,137.9,164.2,113.8,96.2,266.3,179.6,312.3,77.1,278,172.5,224.7,215.6,64.7,248,336.5,124.4,222.9,150.6,108.5,247.9,263.3,94.1,121.2,396,501.7,117.2,152.3,225,144.9,231.3
 Jul 2018,152.7,10.5,146.8,178.2,120.6,102.3,290,191.4,362.2,81.7,302.7,164,235.8,234.7,67.6,282.3,392.4,131.8,249.8,158,114.6,268.4,292.9,99.9,125.3,456.1,559.4,124.5,159.4,245,156.4,254.2
 Aug 2018,158.6,5.1,152.1,185.6,124,106.1,300.7,197.2,399.5,83.5,309.2,175.2,243.5,267.7,70.1,273.4,427.4,143.6,259.5,157.5,121.2,276.7,314.3,97.8,139.1,481.1,575.5,128.4,169.5,251.3,160.2,273.8
 Sep 2018,145,5.8,139,172.4,111.8,96.2,277.7,186.7,368.7,73.5,287.6,218.7,217.6,258.6,59.4,264.6,391,120.4,230.7,142,113.2,250.4,287.6,87.4,123.1,456.4,570.5,114,174,222.4,146.4,262.6
 Oct 2018,155.6,10.4,147.4,188.9,121.3,100,301.4,197.4,391.1,77,305.5,233.7,226.6,276,63.4,294.5,395.3,136.7,247.2,156.8,115.9,267.9,313.2,95.7,133.7,511.9,621.7,118.6,189.3,240.7,160.3,288.3
 Nov 2018,142.9,6.4,137.5,165.3,109.4,94.2,280.6,175.9,374.2,73,284.2,208.3,223.6,242.9,61.6,254.6,327.1,115.7,250.2,144.7,111.9,241.6,271.9,88,112.9,444.7,542.3,115.5,169.5,209.1,141.6,247.9
 Dec 2018,94.1,1.3,92.8,105.7,69.5,60.2,187.8,119.1,274.9,46.3,197.3,126.6,146.6,170.6,41.7,165.9,233.6,74.7,139.8,103.2,72.7,169.6,180.8,54.8,69.8,303,342.4,78.9,106.4,146.4,93.3,148.6
 Jan 2019,155.1,7.5,144.8,188.3,116.4,102.8,305.8,194.9,421.8,79.6,303.9,161,236,279.5,64.2,284.1,396,135.7,275.9,159.5,108.1,273.1,336.4,98.2,134.6,479,606.1,120,166,244.4,161.1,283.1
 Feb 2019,151.2,8.3,144.1,177.9,119.5,104.8,279.6,192.2,355.9,78.8,307.5,175,214,255.9,67.3,275.6,353.1,129.1,252.6,156.3,110.2,266.1,296.9,95.7,124.7,469.2,584.3,118.8,172.8,236.5,152.4,266.4
 Mar 2019,150.4,0.8,143.2,178.2,117,101.3,295.8,177.8,372.5,80.1,294.1,181.8,232.2,251.7,65,276.2,336.5,128.5,251.8,152.2,111,261.5,312.6,98.2,123.7,427.6,605.6,119.1,163.9,239.8,150.9,273.2
 Apr 2019,136.1,-3.4,132.4,154.5,106.3,95.1,264.8,163.6,315.4,74.1,258.7,148.3,225.2,209.3,62.1,239.5,344.4,118.6,232.6,143.5,105.3,227.1,265.6,89.9,112.2,378.6,477.3,114,146.3,208.3,133.5,227.7
 May 2019,160,0.9,155.1,183.5,123.7,115.4,312.8,192.7,364.4,87,304.2,187.9,255.9,225,75.9,274.4,409.4,139.7,298.7,166.5,125,262.1,322,104.6,133.4,434.9,589.7,133.6,170,245.9,157.6,273.9
 Jun 2019,133.4,-6,131.4,149.3,104.6,98,254.5,157.6,299.3,74.4,255.3,160.6,216.7,192.6,62.8,226.4,304,113.7,239.8,137.3,105.3,227.8,272.5,87.3,107.3,352,482.7,111.3,147.6,213.7,128.6,221.3
 Jul 2019,153.6,0.6,150.2,173.9,116.4,114.6,296.9,183.8,374.6,81.3,302.4,168.1,240,241.1,72.6,256.7,391.7,131.8,285.4,160.9,118.6,266.4,313.7,96.2,122.7,417.5,588.6,128,165.8,243.6,147.4,266.2
 Aug 2019,149,-6,144.4,169.7,112.1,107.4,286.7,179.2,397.6,78.8,288.4,168.5,226,255.7,68.3,246.6,380.5,128.2,289.4,151.6,112.6,265.2,312.9,94.8,119,394.7,574.5,120.4,168,236.6,142.2,265.6
 Sep 2019,146.8,1.2,140.5,171.6,110.7,101.7,289.2,177.5,386.6,73.6,277.8,217.2,215.9,263.7,65.7,256.1,348.4,128.6,272.5,147.6,112,248.7,300.5,89.3,124.7,424.8,593.1,114.8,176.5,225.7,140.9,278.6
 Oct 2019,148.2,-4.8,139.6,176.5,111,103,293.7,179.2,392.7,73.7,283.1,236.8,210.7,272.8,66,264.4,348,126.3,268.4,141.2,112.8,248.8,305.5,90.8,122,448.4,628.1,111.3,225.2,220.5,145,286
 Nov 2019,133.2,-6.7,127.6,154.2,100.1,92.1,263.2,156.8,365.6,67.1,259.7,190.6,202.5,235.7,60.9,240.6,288.4,107,250.5,133.2,100.3,232.9,268.8,81.2,103.1,420.4,526,104.1,160.1,206.1,130.3,237.1
 Dec 2019,94.8,0.7,93.6,102.6,68.5,64.8,196.4,112.4,271.2,48.2,183.1,131.1,154.7,173.6,46.8,158.6,257.4,75.3,154.7,100.2,74.8,169.8,188.7,55.1,66.7,278.5,333.1,79.7,106.6,148.3,88.4,152
 Jan 2020,154.5,-0.4,144.6,187.4,114.9,109.6,309,182.9,411.6,79.1,303.6,144.1,237.2,268.8,65.1,278.6,386.3,135.5,299.4,152.6,109.5,278.2,333.7,94.3,133.7,470.3,643.5,120,160.1,250.8,155.2,299.5
 Feb 2020,136.6,-9.7,130.6,160.5,103.6,97.8,276.1,155.1,338.2,72.2,273.2,159.8,204.8,232.8,61.6,243.2,315.9,111.6,243,139.4,100.4,243,274.2,86.9,107.5,409.5,558.7,107.6,152.9,219.8,135.8,246.5
 Mar 2020,104.9,-30.2,101.2,122,79.1,78.3,216,115.3,246.1,54.7,205.5,139.9,186.2,139.7,52.6,191.3,275.1,78.1,186.7,109,81.9,167.2,231.3,64.2,71.6,317.5,473.7,85.7,118.9,157.5,101,195
 Apr 2020,39,-71.4,39.7,40.2,28.3,29.7,84.7,43.3,88.3,17.9,80.9,79.1,96.2,18.3,23.9,71.9,136.8,15.8,71.4,36.5,37.4,59.1,96.7,16.5,15.9,121.9,194.8,35.4,42.1,58.3,32.6,66.9
 May 2020,71.5,-55.3,70,78.5,48.6,52.1,170.8,81.3,168.9,32,163.8,74.8,147.9,76.3,32.6,126.8,255.6,41.5,148.3,70.3,55,139.1,152.6,36.4,40.5,226.9,330.6,57.9,71.3,130.3,66.6,119.9
 Jun 2020,102.6,-23.1,102.3,111.4,68.2,74.3,247.2,117.3,257.5,43.4,216.3,132,219.6,171.7,39.7,171.9,369.3,70,199.9,107.8,76.1,211.8,220.7,54.4,66.7,295.2,437.4,80.1,124.9,187.4,94.2,171.1
 Jul 2020,116.5,-24.2,112.2,130.9,77.6,83.6,279.6,132.4,300.9,54.2,251.7,119.7,201.9,180.2,48.3,211.7,360.6,83.4,238.3,109.4,84.6,233.8,241.5,64,81.1,368,499.3,89.3,124.9,213.5,108.7,208.3
 Aug 2020,108.2,-27.4,104.6,120.9,68.5,86.1,247.8,137.9,283.6,47,226.9,128.9,221.8,148.5,48.8,201.3,329.6,75.7,221,100.8,83.3,200.6,229.9,58.4,71.2,357.3,463.4,87.1,111.2,185.7,101,190.1
 Sep 2020,129.8,-11.6,123.6,150,84.6,98.4,297.7,161.5,341.8,55,275.4,174.7,237.8,206.7,56.3,244.1,404,93,256.3,119.7,97.4,242.7,280.1,68.5,94.5,443.2,556.9,99.5,143.3,221.6,124.7,237.9
 Oct 2020,134.3,-9.4,126.4,158.3,90.8,100.2,301.2,164.7,344.5,55.7,273.3,185.3,238.4,250.5,59.2,269.6,376.2,97,257.3,124.8,99,249.5,291.5,70.4,97.8,464.1,604.4,100.5,158.7,217.6,129.7,257.5
 Nov 2020,131.9,-1,125.4,152.2,90.1,98.2,292,156.2,351,58.2,262.7,184,241.2,225.6,59.5,254,371.1,96.1,260.5,130.9,97.6,236.9,268.6,71.8,96.9,434.4,579.3,102.5,150.1,210.9,127.1,239.8
 Dec 2020,102.9,8.6,102.2,109.7,68.9,73.2,230.3,128.2,287.8,47.3,201.3,175.6,204.6,173,46.5,193.3,270.8,68.2,189.8,104.8,84,186,209.8,53.6,66.8,306.4,406.8,85.1,123.5,162.3,93.1,167.5
 Jan 2021,147.6,-4.5,136.9,180.7,101.8,106.2,333.1,179,369.3,65.7,309.2,168.6,265.1,236.7,61.3,288.5,410.1,112.7,285.1,135.9,104.7,275.1,326.3,82.5,117.7,510.1,663,111,150.8,251.9,150.6,285.2
 Feb 2021,145,6.1,136.3,172,98.6,112.8,317.2,177.6,362.4,66.8,304.1,183.4,248.8,206.4,66.2,286.8,382.7,110,265.9,135.7,104.8,270.2,289.7,82.3,110.4,485.5,656.9,109.8,158.8,243.1,141.5,277.9
 Mar 2021,186.4,77.6,177.6,214.1,131.1,137.2,409.2,224.1,452.9,89.2,376.8,240.6,364.8,260.6,83.7,353.2,433.9,133.6,373.7,168.8,145.2,326.1,375.5,111.5,134.6,567.1,814.2,147.2,202.9,301,177.8,340.5
 Apr 2021,164.9,323.4,156.3,194,120.6,118.7,350.2,191.3,405.2,77.7,328.2,192.1,290.7,286.4,76.5,317.6,407.6,127,301.3,157.8,122.8,295.3,343.1,95.8,128.6,513.2,725.8,128.5,183.3,264.5,160.1,311.9
 May 2021,188.4,163.6,177.9,221.5,138.9,137,397.2,220.2,445.3,89.5,372.3,241.4,336.3,326.5,86.4,368.1,465.7,141.1,334.9,176.1,141.4,336.1,377.8,113,141.7,602.2,806.7,145.1,216.7,296,183.9,352.4
 Jun 2021,193.3,88.5,182.8,226.5,141.2,139.8,411,231.5,455.1,92.9,379.5,240.5,348.2,324.2,86.1,370.1,507.9,147.1,364,181,146.7,341.2,388.7,115,151.2,603.7,804.4,149.9,220.4,302.7,189.6,354.7
 Jul 2021,218.7,87.8,201,265.1,155.3,161,470.2,272.8,518,103.6,428.6,222,438.4,329.7,98.2,441.8,545.1,169.6,391,192.7,162.3,369.1,457.2,133.4,172.9,713.5,972.7,168.6,224.9,336.6,218.1,428.7
 Aug 2021,166.8,54.2,158.1,186.3,117.1,126.4,352.3,211.7,404.6,84.8,306.2,183.2,318.8,209.1,89.6,317.4,448.4,124.1,366,154.7,137.2,254.1,308.1,99.6,123.3,504.8,661.6,141.4,165.1,234.4,156,291.9
 Sep 2021,174.5,34.4,163,198.7,106.8,136.4,401.6,245,462.3,85.9,345.6,218,326.5,194.6,92.3,352.9,472.6,127.7,311.9,159,140,280.9,306.8,97.3,131,571.1,712.9,142.4,172.5,256.4,165.8,313.2
 Oct 2021,175.9,31,164.5,201.5,112.4,130.5,400.1,239.9,469.8,85,345.4,203,402.7,211.2,79.9,355.2,434.7,126.5,298.3,150.1,145,288.9,313.5,97.5,129,584.8,721.9,143.5,176.1,256.5,168.5,316.3
 Nov 2021,182.2,38.1,169.8,212.4,121.4,126.6,410.9,239.8,492.2,86.1,346.8,328.7,367.1,268.1,82,368.3,412.3,128.5,310.1,154.9,147.8,293.3,369.1,105.4,133.2,595.2,764.7,141.6,212.5,259,176.5,337.4
 Dec 2021,140.4,36.4,132.5,161.3,89.3,95.5,335.7,179,405.5,67.4,269.6,203.5,340.6,233.6,55.3,257.6,327.1,97.7,221.2,121.4,110.9,238.6,325.4,82.1,101.7,431.3,564.1,110.8,158.7,209.7,136.2,248.8
 Jan 2022,201.5,36.5,180.4,250.8,135,137.7,464,265.7,516.4,97.4,402.9,229.8,396.5,330.7,78.1,409.1,478.7,157.5,324.8,165.1,142.7,358.9,439,121.7,168.8,660.5,894.7,146.6,201.9,326.2,206.6,404.9
 Feb 2022,189.1,30.4,168.5,233.7,127.9,132.8,432.6,250,456,95.3,363.5,223.8,382.2,221.9,82.6,417.7,435.7,143.4,325,149.7,142,308.9,387.8,115.5,149.3,641.2,846.8,143.7,174.8,287.8,193.5,373.6
 Mar 2022,210.6,13,191.8,249.6,147.6,147.9,459.9,271.8,511.9,106.5,389.4,232.5,455.5,273.8,95.4,430,476.9,158.8,400.9,178.7,164.8,326,443,127,159.5,660.9,897,167.2,207.6,297.5,206.5,399.8
 Apr 2022,174.7,5.9,158.8,211.5,123.7,122.1,382.4,218.9,428.9,86.5,331.3,187.7,356.2,321.3,75.5,347.9,362.5,131.6,288.8,145.5,131.5,291.3,397.9,105.1,137.6,537.2,762.9,134.5,178.3,258,175.6,336.6
 May 2022,213,13,194,256.8,150.2,148.2,462,282.9,507.9,107,397.7,242.2,430.8,404.8,89.3,406.1,484.8,162.8,361.9,174.3,161.2,357.1,499.9,129.1,169,616.6,941.2,161.1,234.2,310.9,209.5,421.5
 Jun 2022,196.5,1.6,178.9,235.6,137.4,136.2,432,254.3,487.9,95.7,364.2,256.6,391.3,394.1,81.4,377.3,478,147.5,331.5,161.7,147.4,340.7,473.1,115.7,154.8,555.6,853.7,145.4,220.4,297,191.8,388
 Jul 2022,195.1,-10.8,177.9,233.6,135.9,135,420.3,261.7,497.7,95,361,216.4,388.2,384,80,390.6,468.2,146.8,353.7,165.5,144,339.4,462.9,113.8,151.5,578.5,853.7,146.2,211.8,297,190.5,383.7
 Aug 2022,214.1,28.3,196.2,255.1,146,146.5,465.3,288.1,572.7,103,395.8,286.7,407.5,441.1,81.9,422.9,512.3,162.4,394.7,181.9,158.8,373,502.8,124.7,172.8,616.6,926.6,156.5,252,327.3,206.3,424.7
 Sep 2022,200.6,15,183,241.5,135.5,136.2,443.7,275.9,523.2,93.7,361.5,353.4,359.8,432.3,73.9,389,474,155.4,383.7,168.3,153.2,337.6,473.1,111.6,163.9,607.5,867.3,143.4,255.6,292.5,193.2,409.5